Workbook

Sheet Dashboard
B2: 🏈 2026 NFL MOCK DRAFT ACCURACY DASHBOARD
B5: Colin's Model-Built Mock vs. 30 Professional Analyst Mocks | April 23, 2026
B7: 📊 YOUR MOCK DRAFT — KEY METRICS
B8: EXACT HITS (Player + Pick) | D8: TOP 10 HITS | F8: ROUND 1 HITS | H8: RIGHT PLAYER → RIGHT TEAM | J8: WITHIN 5 PICKS | L8: AVG PICK DIST
B9: ='Accuracy Analysis'!B38 -> 5 | D9: ='Accuracy Analysis'!D38 -> 8 | F9: ='Accuracy Analysis'!F38 -> 27 | H9: ='Accuracy Analysis'!H38 -> 5 | J9: ='Accuracy Analysis'!I38 -> 20 | L9: ='Accuracy Analysis'!K38 -> 3.2222222
B10: out of 32 picks | D10: correctly in actual top 10 | F10: players projected to R1 | H10: player-team combos nailed | J10: predictions within ±5 slots | L10: lower is better
B12: 🎯 YOUR RANKING
B13: EXACT HITS RANK | F13: R1 HIT RATE | I13: BEAT HOW MANY PROS?
B14: ="T-" & (RANK('Accuracy Analysis'!B38,'Accuracy Analysis'!B38:B70,0)) & " of 31" -> T-13 of 31 | F14: =TEXT('Accuracy Analysis'!G38,"0.0%") -> 84.4% | I14: =COUNTIF('Accuracy Analysis'!B39:B70,"<"&'Accuracy Analysis'!B38) & " of 30" -> 14 of 30
B16: 🏆 FULL LEADERBOARD (Sorted by Exact Hits)
B17: Rank | C17: Source | D17: Exact | E17: Exact % | F17: Top 10 | G17: Top 10 % | H17: R1 | I17: R1 % | J17: Team Match | K17: Within 5 | L17: Top 5 | M17: Avg Dist | N17: Unique
B18: =RANK(D18,D$18:D$50,0) -> 1 | C18: {=_xlfn.SORTBY(_xlfn._xlws.FILTER('Accuracy Analysis'!A38:L70,'Accuracy Analysis'!A38:A70<>""),_xlfn._xlws.FILTER('Accuracy Analysis'!B38:B70,'Accuracy Analysis'!A38:A70<>""),-1,_xlfn._xlws.FILTER('Accuracy Analysis'!D38:D70,'Accuracy Analysis'!A38:A70<>""),-1)} -> Lance Zierlein (NFL) | D18: 8 | E18: 0.25 | F18: 9 | G18: 0.9 | H18: 28 | I18: 0.875 | J18: 8 | K18: 22 | L18: 3 | M18: 3.0714286 | N18: 0
B19: =RANK(D19,D$18:D$50,0) -> 2 | C19: Dan Parr (NFL) | D19: 7 | E19: 0.21875 | F19: 9 | G19: 0.9 | H19: 28 | I19: 0.875 | J19: 7 | K19: 24 | L19: 4 | M19: 3 | N19: 2
B20: =RANK(D20,D$18:D$50,0) -> 2 | C20: Todd McShay (Ringer) | D20: 7 | E20: 0.21875 | F20: 8 | G20: 0.8 | H20: 28 | I20: 0.875 | J20: 7 | K20: 20 | L20: 4 | M20: 3.3571429 | N20: 3
B21: =RANK(D21,D$18:D$50,0) -> 2 | C21: Walt Cherepinsky (WalterFootball) | D21: 7 | E21: 0.21875 | F21: 8 | G21: 0.8 | H21: 24 | I21: 0.75 | J21: 7 | K21: 18 | L21: 4 | M21: 4.862069 | N21: 0
B22: =RANK(D22,D$18:D$50,0) -> 2 | C22: Tony Pauline (ES 4/22) | D22: 7 | E22: 0.21875 | F22: 8 | G22: 0.8 | H22: 24 | I22: 0.75 | J22: 7 | K22: 18 | L22: 4 | M22: 3.125 | N22: 1
B23: =RANK(D23,D$18:D$50,0) -> 2 | C23: Field Yates | D23: 7 | E23: 0.21875 | F23: 7 | G23: 0.7 | H23: 27 | I23: 0.84375 | J23: 7 | K23: 21 | L23: 4 | M23: 3.6296296 | N23: 1
B24: =RANK(D24,D$18:D$50,0) -> 7 | C24: Rob Rang (Fox) | D24: 6 | E24: 0.1875 | F24: 9 | G24: 0.9 | H24: 27 | I24: 0.84375 | J24: 6 | K24: 19 | L24: 4 | M24: 3.8888889 | N24: 0
B25: =RANK(D25,D$18:D$50,0) -> 7 | C25: Chad Reuter (NFL.com) | D25: 6 | E25: 0.1875 | F25: 9 | G25: 0.9 | H25: 27 | I25: 0.84375 | J25: 6 | K25: 18 | L25: 4 | M25: 4.6296296 | N25: 0
B26: =RANK(D26,D$18:D$50,0) -> 7 | C26: Josh Edwards (CBS) | D26: 6 | E26: 0.1875 | F26: 9 | G26: 0.9 | H26: 27 | I26: 0.84375 | J26: 6 | K26: 18 | L26: 4 | M26: 4.3703704 | N26: 2
B27: =RANK(D27,D$18:D$50,0) -> 7 | C27: Ryan Wilson (CBS) | D27: 6 | E27: 0.1875 | F27: 8 | G27: 0.8 | H27: 28 | I27: 0.875 | J27: 7 | K27: 18 | L27: 4 | M27: 4.5357143 | N27: 0
B28: =RANK(D28,D$18:D$50,0) -> 7 | C28: Jason Boris (Times News) | D28: 6 | E28: 0.1875 | F28: 7 | G28: 0.7 | H28: 29 | I28: 0.90625 | J28: 6 | K28: 17 | L28: 4 | M28: 4.7407407 | N28: 0
B29: =RANK(D29,D$18:D$50,0) -> 7 | C29: Ryan McCrystal (Sharp) | D29: 6 | E29: 0.1875 | F29: 7 | G29: 0.7 | H29: 29 | I29: 0.90625 | J29: 6 | K29: 16 | L29: 3 | M29: 4.7586207 | N29: 0
B30: =RANK(D30,D$18:D$50,0) -> 13 | C30: Peter Schrager | D30: 5 | E30: 0.15625 | F30: 9 | G30: 0.9 | H30: 28 | I30: 0.875 | J30: 5 | K30: 22 | L30: 4 | M30: 3.5357143 | N30: 0
... B50: =RANK(D50,D$18:D$50,0) -> 33 | C50: Brent Sobleski (B/R 4/21) | D50: 0 | E50: 0 | F50: 2 | G50: 0.2 | H50: 17 | I50: 0.53125 | J50: 1 | K50: 4 | L50: 1 | M50: 10.235294 | N50: 0
B52: 💡 KEY INSIGHTS
B53: 🥇 TOP ANALYST | E53: 📊 AVG EXACT HITS | H53: 🎯 BEST R1 COVERAGE | K53: 🏈 YOUR PERCENTILE
B54: =INDEX('Accuracy Analysis'!A38:A70,MATCH(MAX('Accuracy Analysis'!B38:B70),'Accuracy Analysis'!B38:B70,0)) & " (" & MAX('Accuracy Analysis'!B38:B70) & " exact)" -> Lance Zierlein (NFL) (8 exact) | E54: =TEXT(AVERAGE('Accuracy Analysis'!B38:B70),"0.0") & " of 32 across " & COUNTA('Accuracy Analysis'!A38:A70) & " mocks" -> 4.5 of 32 across 33 mocks | H54: =INDEX('Accuracy Analysis'!A38:A70,MATCH(MAX('Accuracy Analysis'!F38:F70),'Accuracy Analysis'!F38:F70,0)) & " (" & MAX('Accuracy Analysis'!F38:F70) & "/32)" -> Luke Easterling (Athlon) (30/32) | K54: =TEXT(COUNTIF('Accuracy Analysis'!B39:B70,"<="&'Accuracy Analysis'!B38)/COUNTA('Accuracy Analysis'!A39:A70),"0%") & " — Beat " & COUNTIF('Accuracy Analysis'!B39:B70,"<"&'Accuracy Analysis'!B38) & " analysts" -> 63% — Beat 14 analysts
B56: 📌 Data sources: Accuracy Analysis sheet (rows 38-70). All values are live formula-linked — update automatically when source data changes.

Sheet Colin's Mock
A1: pick | B1: round | C1: team | D1: player | E1: position | F1: college | G1: rank
A2: 1 | B2: 1 | C2: LV | D2: Fernando Mendoza | E2: QB | F2: Indiana | G2: 1
A3: 2 | B3: 1 | C3: NYJ | D3: David Bailey | E3: EDGE | F3: Texas Tech | G3: 5
A4: 3 | B4: 1 | C4: ARI | D4: Arvell Reese | E4: LB | F4: Ohio State | G4: 3
A5: 4 | B5: 1 | C5: TEN | D5: Jeremiyah Love | E5: RB | F5: Notre Dame | G5: 2
A6: 5 | B6: 1 | C6: NYG | D6: Sonny Styles | E6: LB | F6: Ohio State | G6: 4
A7: 6 | B7: 1 | C7: CLE | D7: Francis Mauigoa | E7: OT | F7: Miami (FL) | G7: 9
A8: 7 | B8: 1 | C8: WAS | D8: Carnell Tate | E8: WR | F8: Ohio State | G8: 8
A9: 8 | B9: 1 | C9: NO | D9: Rueben Bain | E9: EDGE | F9: Miami (FL) | G9: 16
A10: 9 | B10: 1 | C10: KC | D10: Mansoor Delane | E10: CB | F10: LSU | G10: 14
A11: 10 | B11: 1 | C11: NYG | D11: Caleb Downs | E11: S | F11: Ohio State | G11: 6
A12: 11 | B12: 1 | C12: MIA | D12: Jordyn Tyson | E12: WR | F12: Arizona State | G12: 7
A13: 12 | B13: 1 | C13: DAL | D13: Spencer Fano | E13: OT | F13: Utah | G13: 10
... A258: 257 | B258: 7 | C258: DEN | D258: Micah Morris | E258: IOL | F258: Georgia | G258: 269

Sheet Actual nfl first round
A1: Round | B1: Pick | C1: Team | D1: Player (College, Pos) | E1: Trade From
A2: 1 | B2: 1 | C2: Raiders | D2: Fernando MendozaIndiana, QB · POS RK 1 | E2: -
A3: 1 | B3: 2 | C3: Jets | D3: David BaileyTexas Tech, LB · POS RK 2 | E3: -
A4: 1 | B4: 3 | C4: Cardinals | D4: Jeremiyah LoveNotre Dame, RB · POS RK 1 | E4: -
A5: 1 | B5: 4 | C5: Titans | D5: Carnell TateOhio State, WR · POS RK 1 | E5: -
A6: 1 | B6: 5 | C6: Giants | D6: Arvell ReeseOhio State, LB · POS RK 1 | E6: -
A7: 1 | B7: 6 | C7: Chiefs | D7: Mansoor DelaneLSU, CB · POS RK 1 | E7: CLE
A8: 1 | B8: 7 | C8: Commanders | D8: Sonny StylesOhio State, LB · POS RK 3 | E8: -
A9: 1 | B9: 8 | C9: Saints | D9: Jordyn TysonArizona State, WR · POS RK 3 | E9: -
A10: 1 | B10: 9 | C10: Browns | D10: Spencer FanoUtah, T · POS RK 2 | E10: KC
A11: 1 | B11: 10 | C11: Giants | D11: Francis MauigoaMiami (FL), T · POS RK 1 | E11: CIN
A12: 1 | B12: 11 | C12: Cowboys | D12: Caleb DownsOhio State, S · POS RK 1 | E12: MIA
A13: 1 | B13: 12 | C13: Dolphins | D13: Kadyn ProctorAlabama, T · POS RK 4 | E13: DAL
... A32: 1 | B32: 31 | C32: Titans | D32: Keldric FaulkAuburn, DE · POS RK 2 | E32: NE, BUF
A33: 1 | B33: 32 | C33: Seahawks | D33: Jadarian PriceNotre Dame, RB · POS RK 2

Sheet Other analyst 
A1: Pick # | B1: Team | C1: Field Yates | D1: Mel Kiper Jr. | E1: Peter Schrager | F1: Matt Miller | G1: Jordan Reid | H1: Daniel Jeremiah | I1: Ryan Wilson (CBS) | J1: Brendan Donahue | K1: Dan Parr (NFL.com) | L1: Yahoo (Tice/McDonald) | M1: Rob Rang (Fox) | N1: Lance Zierlein (NFL.com) | O1: Bucky Brooks (NFL final 4/21) | P1: Eric Edholm (NFL.com) | Q1: Pete Prisco (CBS) | R1: Todd McShay (Ringer) | S1: NFL Nation (ESPN 4/21) | T1: Rob Paul (SBR 3.0 4/23) | U1: Lance Reddick/PFF ADP (4/23) | V1: Brent Sobleski (B/R 4/21 Scouting) | W1: Lou Pickney (DKDB 4/23) | X1: Walt Cherepinsky (WalterFootball 4/23) | Y1: Charlie Campbell (WalterFootball 4/23) | Z1: Chad Reuter (NFL.com 4/20) | AA1: Jason Boris (Times News 4/23) | AB1: Luke Easterling (Athlon 4/23) | AC1: Vinnie Iyer (Sporting News 4/23) | AD1: Tony Pauline (ES 4/22) | AE1: Charles Davis (NFL.com) | AF1: Josh Edwards (CBS 4/16) | AG1: Ryan McCrystal (Sharp 4/23)
A2: 1 | B2: Las Vegas Raiders | C2: Fernando Mendoza (QB, Indiana) | D2: Fernando Mendoza (QB, Indiana) | E2: Fernando Mendoza (QB, Indiana) | F2: Fernando Mendoza (QB, Indiana) | G2: Fernando Mendoza (QB, Indiana) | H2: Fernando Mendoza (QB, Indiana) | I2: Fernando Mendoza (QB, Indiana) | J2: Fernando Mendoza (QB, Indiana) | K2: Fernando Mendoza (QB, Indiana) | L2: Fernando Mendoza (QB, Indiana) | M2: Fernando Mendoza (QB, Indiana) | N2: Fernando Mendoza (QB, Indiana) | O2: Fernando Mendoza (QB, Indiana) | P2: Fernando Mendoza (QB, Indiana) | Q2: Fernando Mendoza (QB, Indiana) | R2: Fernando Mendoza (QB, Indiana) | S2: Fernando Mendoza | T2: Fernando Mendoza | U2: Fernando Mendoza | V2: Arch Manning | W2: Fernando Mendoza | X2: Fernando Mendoza | Y2: Fernando Mendoza | Z2: Fernando Mendoza | AA2: Fernando Mendoza | AB2: Fernando Mendoza | AC2: Fernando Mendoza | AD2: Fernando Mendoza | AE2: Fernando Mendoza | AF2: Fernando Mendoza | AG2: Fernando Mendoza
A3: 2 | B3: New York Jets | C3: David Bailey (EDGE, Texas Tech) | D3: David Bailey (EDGE, Texas Tech) | E3: David Bailey (EDGE, Texas Tech) | F3: David Bailey (EDGE, Texas Tech) | G3: Arvell Reese (LB/EDGE, Ohio State) | H3: David Bailey (EDGE, Texas Tech) | I3: David Bailey (EDGE, Texas Tech) | J3: Arvell Reese (EDGE, Ohio State) | K3: Arvell Reese (LB/EDGE, Ohio State) | L3: David Bailey (EDGE, Texas Tech) | M3: David Bailey (EDGE, Texas Tech) | N3: David Bailey (EDGE, Texas Tech) | O3: David Bailey (EDGE, Texas Tech) | P3: Arvell Reese (LB/EDGE, Ohio State) | Q3: David Bailey (EDGE, Texas Tech) | R3: David Bailey (EDGE, Texas Tech) | S3: David Bailey | T3: Arvell Reese | U3: Arvell Reese | V3: Fernando Mendoza | W3: David Bailey | X3: David Bailey | Y3: David Bailey | Z3: Arvell Reese | AA3: David Bailey | AB3: David Bailey | AC3: Arvell Reese | AD3: David Bailey | AE3: Arvell Reese | AF3: David Bailey | AG3: David Bailey
A4: 3 | B4: Arizona Cardinals | C4: Jeremiyah Love (RB, Notre Dame) | D4: Arvell Reese (EDGE, Ohio State) | E4: Jeremiyah Love (RB, Notre Dame) | F4: Arvell Reese (EDGE, Ohio State) | G4: Francis Mauigoa (OT, Miami) | H4: [→ New Orleans Saints (trade)] Arvell Reese (LB/EDGE, Ohio State) | I4: Arvell Reese (EDGE, Ohio State) | J4: David Bailey (EDGE, Texas Tech) | K4: Jeremiyah Love (RB, Notre Dame) | L4: [→ KC trade] Arvell Reese (EDGE, Ohio State) | M4: Jeremiyah Love (RB, Notre Dame) | N4: Jeremiyah Love (RB, Notre Dame) | O4: Arvell Reese (EDGE, Ohio State) | P4: David Bailey (EDGE, Texas Tech) | Q4: Jeremiyah Love (RB, Notre Dame) | R4: Arvell Reese (EDGE, Ohio State) | S4: Arvell Reese | T4: David Bailey | U4: Jeremiyah Love | V4: Dante Moore | W4: Francis Mauigoa | X4: Jeremiyah Love | Y4: Jeremiyah Love | Z4: David Bailey | AA4: Jeremiyah Love | AB4: Jeremiyah Love | AC4: David Bailey | AD4: Jeremiyah Love | AE4: Ty Simpson | AF4: Francis Mauigoa | AG4: Jeremiyah Love
A5: 4 | B5: Tennessee Titans | C5: Sonny Styles (LB, Ohio State) | D5: Jeremiyah Love (RB, Notre Dame) | E5: Sonny Styles (LB, Ohio State) | F5: Jeremiyah Love (RB, Notre Dame) | G5: David Bailey (EDGE, Texas Tech) | H5: Sonny Styles (LB, Ohio State) | I5: Jeremiyah Love (RB, Notre Dame) | J5: Jeremiyah Love (RB, Notre Dame) | K5: David Bailey (EDGE, Texas Tech) | L5: Sonny Styles (LB, Ohio State) | M5: Arvell Reese (LB, Ohio State) | N5: Sonny Styles (LB, Ohio State) | O5: Jeremiyah Love (RB, Notre Dame) | P5: Jeremiyah Love (RB, Notre Dame) | Q5: Arvell Reese (EDGE, Ohio State) | R5: Sonny Styles (LB, Ohio State) | S5: Sonny Styles | T5: Jeremiyah Love | U5: David Bailey | V5: Jeremiah Smith | W5: Arvell Reese | X5: Arvell Reese | Y5: Sonny Styles | Z5: Jeremiyah Love | AA5: Arvell Reese | AB5: Sonny Styles | AC5: Jeremiyah Love | AD5: Sonny Styles | AE5: David Bailey | AF5: Arvell Reese | AG5: Sonny Styles
A6: 5 | B6: New York Giants | C6: Arvell Reese (EDGE, Ohio State) | D6: Caleb Downs (S, Ohio State) | E6: Arvell Reese (EDGE, Ohio State) | F6: Jordyn Tyson (WR, Arizona State) | G6: Sonny Styles (LB, Ohio State) | H6: Jeremiyah Love (RB, Notre Dame) | I6: Caleb Downs (S, Ohio State) | J6: Sonny Styles (LB, Ohio State) | K6: Jordyn Tyson (WR, Arizona State) | L6: Caleb Downs (S, Ohio State) | M6: Caleb Downs (S, Ohio State) | N6: Caleb Downs (S, Ohio State) | O6: Jordyn Tyson (WR, Arizona State) | P6: Sonny Styles (LB, Ohio State) | Q6: Sonny Styles (LB, Ohio State) | R6: Jeremiyah Love (RB, Notre Dame) | S6: Jeremiyah Love | T6: Caleb Downs | U6: Sonny Styles | V6: Cam Coleman | W6: Sonny Styles | X6: Jordyn Tyson | Y6: Jordyn Tyson | Z6: Francis Mauigoa | AA6: Jordyn Tyson | AB6: Jordyn Tyson | AC6: Sonny Styles | AD6: Arvell Reese | AE6: Jeremiyah Love | AF6: Carnell Tate | AG6: Caleb Downs
A7: 6 | B7: Cleveland Browns | C7: Monroe Freeling (OT, Georgia) | D7: [→ Dallas Cowboys (trade)] Sonny Styles (LB, Ohio State) | E7: Spencer Fano (OT, Utah) | F7: Francis Mauigoa (OT, Miami) | G7: Carnell Tate (WR, Ohio State) | H7: Spencer Fano (OT, Utah) | I7: [→ Dallas Cowboys (trade)] Sonny Styles (LB, Ohio State) | J7: Carnell Tate (WR, Ohio State) | K7: Spencer Fano (OT, Utah) | L7: Carnell Tate (WR, Ohio State) | M7: Spencer Fano (OT, Utah) | N7: [→ DAL trade] Arvell Reese (LB/EDGE, Ohio State) | O7: Carnell Tate (WR, Ohio State) | P7: Carnell Tate (WR, Ohio State) | Q7: Kadyn Proctor (OT, Alabama) | R7: Kadyn Proctor (OT, Alabama) | S7: Francis Mauigoa | T7: Sonny Styles | U7: Francis Mauigoa | V7: Jayden Maiava | W7: Carnell Tate | X7: Spencer Fano | Y7: Francis Mauigoa | Z7: Monroe Freeling | AA7: Spencer Fano | AB7: Arvell Reese | AC7: Carnell Tate | AD7: Rueben Bain Jr. | AE7: Carnell Tate | AF7: Sonny Styles | AG7: Spencer Fano
A8: 7 | B8: Washington Commanders | C8: Carnell Tate (WR, Ohio State) | D8: Carnell Tate (WR, Ohio State) | E8: Carnell Tate (WR, Ohio State) | F8: Sonny Styles (LB, Ohio State) | G8: Jeremiyah Love (RB, Notre Dame) | H8: Jordyn Tyson (WR, Arizona State) | I8: Carnell Tate (WR, Ohio State) | J8: Mansoor Delane (CB, LSU) | K8: Sonny Styles (LB, Ohio State) | L8: Jeremiyah Love (RB, Notre Dame) | M8: Sonny Styles (LB, Ohio State) | N8: Carnell Tate (WR, Ohio State) | O8: Sonny Styles (LB, Ohio State) | P8: Mansoor Delane (CB, LSU) | Q8: Jordyn Tyson (WR, Arizona State) | R8: Mansoor Delane (CB, LSU) | S8: Mansoor Delane | T8: Francis Mauigoa | U8: Carnell Tate | V8: Dylan Stewart | W8: Jeremiyah Love | X8: Carnell Tate | Y8: Carnell Tate | Z8: Mansoor Delane | AA8: Sonny Styles | AB8: Carnell Tate | AC8: Caleb Downs | AD8: Caleb Downs | AE8: Sonny Styles | AF8: Jeremiyah Love | AG8: Mansoor Delane
A9: 8 | B9: New Orleans Saints | C9: Jordyn Tyson (WR, Arizona State) | D9: Rueben Bain Jr. (EDGE, Miami) | E9: Caleb Downs (S, Ohio State) | F9: Carnell Tate (WR, Ohio State) | G9: Mansoor Delane (CB, LSU) | H9: [→ Arizona Cardinals (trade)] Francis Mauigoa (OT, Miami) | I9: Rueben Bain Jr. (EDGE, Miami) | J9: Rueben Bain Jr. (EDGE, Miami) | K9: Carnell Tate (WR, Ohio State) | L9: Rueben Bain Jr. (EDGE, Miami) | M9: Carnell Tate (WR, Ohio State) | N9: Jordyn Tyson (WR, Arizona State) | O9: Rueben Bain Jr. (EDGE, Miami) | P9: Jordyn Tyson (WR, Arizona State) | Q9: Carnell Tate (WR, Ohio State) | R9: Rueben Bain Jr. (EDGE, Miami) | S9: Carnell Tate | T9: Carnell Tate | U9: Rueben Bain Jr. | V9: Colin Simmons | W9: Makai Lemon | X9: Caleb Downs | Y9: Arvell Reese | Z9: Rueben Bain Jr. | AA9: Caleb Downs | AB9: Mansoor Delane | AC9: Rueben Bain Jr. | AD9: Mansoor Delane | AE9: Jordyn Tyson | AF9: Mansoor Delane | AG9: Jordyn Tyson
A10: 9 | B10: Kansas City Chiefs | C10: Caleb Downs (S, Ohio State) | D10: Jordyn Tyson (WR, Arizona State) | E10: [→ Dallas Cowboys (trade)] Mansoor Delane (CB, LSU) | F10: Rueben Bain Jr. (EDGE, Miami) | G10: Rueben Bain Jr. (EDGE, Miami) | H10: Mansoor Delane (CB, LSU) | I10: Jordyn Tyson (WR, Arizona State) | J10: [→ Dallas Cowboys (trade)] Caleb Downs (S, Ohio State) | K10: Mansoor Delane (CB, LSU) | L10: [→ ARI trade] Francis Mauigoa (OT, Miami) | M10: Mansoor Delane (CB, LSU) | N10: Mansoor Delane (CB, LSU) | O10: Kenyon Sadiq (TE, Oregon) | P10: Francis Mauigoa (OT, Miami) | Q10: Rueben Bain Jr. (EDGE, Miami) | R10: Jordyn Tyson (WR, Arizona State) | S10: Rueben Bain Jr. | T10: Rueben Bain Jr. | U10: Caleb Downs | V10: Leonard Moore | W10: Mansoor Delane | X10: Rueben Bain Jr. | Y10: Rueben Bain Jr. | Z10: Kadyn Proctor | AA10: Rueben Bain Jr. | AB10: Rueben Bain Jr. | AC10: Mansoor Delane | AD10: Spencer Fano | AE10: Rueben Bain Jr. | AF10: Spencer Fano | AG10: Rueben Bain Jr.
A11: 10 | B11: New York Giants (via CIN) | C11: Olaivavega Ioane (G, Penn State) | D11: Francis Mauigoa (OT, Miami) | E11: Jordyn Tyson (WR, Arizona State) | F11: Caleb Downs (S, Ohio State) | G11: Caleb Downs (S, Ohio State) | H11: Carnell Tate (WR, Ohio State) | I11: Francis Mauigoa (OT, Miami) | J11: Jermod McCoy (CB, Tennessee) | K11: Caleb Downs (S, Ohio State) | L11: Keldric Faulk (EDGE, Auburn) | M11: Francis Mauigoa (OL, Miami) | N11: Francis Mauigoa (OL, Miami) | O11: Caleb Downs (S, Ohio State) | P11: Caleb Downs (S, Ohio State) | Q11: Caleb Downs (S, Ohio State) | R11: Francis Mauigoa (OT, Miami) | S11: Caleb Downs | T11: Olaivavega Ioane | U11: Mansoor Delane | V11: Arvell Reese | W11: Caleb Downs | X11: Mansoor Delane | Y11: Mansoor Delane | Z11: Caleb Downs | AA11: Francis Mauigoa | AB11: Caleb Downs | AC11: Jordyn Tyson | AD11: Carnell Tate | AE11: Caleb Downs | AF11: Rueben Bain Jr. | AG11: Olaivavega Ioane
A12: 11 | B12: Miami Dolphins | C12: Francis Mauigoa (OT, Miami) | D12: Mansoor Delane (CB, LSU) | E12: Francis Mauigoa (OT, Miami) | F12: Spencer Fano (OT, Utah) | G12: Spencer Fano (OT, Utah) | H12: Rueben Bain Jr. (EDGE, Miami) | I12: Mansoor Delane (CB, LSU) | J12: Spencer Fano (OT, Utah) | K12: Francis Mauigoa (OT, Miami) | L12: Mansoor Delane (CB, LSU) | M12: Jordyn Tyson (WR, Arizona State) | N12: Rueben Bain Jr. (EDGE, Miami) | O12: Mansoor Delane (CB, LSU) | P12: Rueben Bain Jr. (EDGE, Miami) | Q12: Spencer Fano (OT, Utah) | R12: Spencer Fano (OT, Utah) | S12: Spencer Fano | T12: Mansoor Delane | U12: Makai Lemon | V12: Malachi Toney | W12: Jermod McCoy | X12: Kadyn Proctor | Y12: Kadyn Proctor | Z12: Carnell Tate | AA12: Kadyn Proctor | AB12: Francis Mauigoa | AC12: Spencer Fano | AD12: Francis Mauigoa | AE12: Kenyon Sadiq | AF12: Caleb Downs | AG12: Francis Mauigoa
A13: 12 | B13: Dallas Cowboys | C13: Mansoor Delane (CB, LSU) | D13: [→ Cleveland Browns (trade)] Kadyn Proctor (OT, Alabama) | E13: [→ Kansas City Chiefs (trade)] Rueben Bain Jr. (EDGE, Miami) | F13: Mansoor Delane (CB, LSU) | G13: Dillon Thieneman (S, Oregon) | H13: Caleb Downs (S, Ohio State) | I13: [→ Cleveland Browns (trade)] Spencer Fano (OT, Utah) | J13: [→ Kansas City Chiefs (trade)] Jordyn Tyson (WR, Arizona State) | K13: Rueben Bain Jr. (EDGE, Miami) | L13: Jermod McCoy (CB, Tennessee) | M13: Rueben Bain Jr. (EDGE, Miami) | N13: [→ CLE trade] Spencer Fano (OL, Utah) | O13: Dillon Thieneman (S, Oregon) | P13: Keldric Faulk (EDGE, Auburn) | Q13: Mansoor Delane (CB, LSU) | R13: Caleb Downs (S, Ohio State) | S13: Jordyn Tyson | T13: Spencer Fano | U13: Spencer Fano | V13: Sonny Styles | W13: Rueben Bain Jr. | X13: Sonny Styles | Y13: Caleb Downs | Z13: Sonny Styles | AA13: Mansoor Delane | AB13: Spencer Fano | AC13: Jermod McCoy | AD13: Jordyn Tyson | AE13: Mansoor Delane | AF13: Monroe Freeling | AG13: Arvell Reese
... A33: 32 | B33: Seattle Seahawks | C33: T.J. Parker (EDGE, Clemson) | D33: Jadarian Price (RB, Notre Dame) | E33: [→ Arizona Cardinals (trade)] Ty Simpson (QB, Alabama) | F33: Malachi Lawrence (EDGE, UCF) | G33: Chase Bisontis (G, Texas A&M) | H33: [→ Baltimore Ravens (trade)] Peter Woods (DL, Clemson) | I33: Jadarian Price (RB, Notre Dame) | J33: T.J. Parker (EDGE, Clemson) | K33: Chris Johnson (CB, San Diego State) | L33: Avieon Terrell (CB, Clemson) | M33: Jadarian Price (RB, Notre Dame) | N33: Jadarian Price (RB, Notre Dame) | O33: Malachi Lawrence (EDGE, UCF) | P33: Chris Johnson (CB, San Diego State) | Q33: Jadarian Price (RB, Notre Dame) | R33: Chris Johnson (CB, San Diego State) | S33: Chris Johnson | T33: Colton Hood | U33: KC Concepcion | V33: Ahmad Hardy | W33: Colton Hood | X33: Ty Simpson | Y33: Jadarian Price | Z33: R Mason Thomas | AA33: Ty Simpson | AB33: Jadarian Price | AC33: C.J. Allen | AD33: Keldric Faulk | AE33: Avieon Terrell | AF33: Jadarian Price | AG33: Ty Simpson

Sheet Accuracy Analysis
A1: Pick # | B1: Actual Team | C1: Actual Player | D1: Colin's Mock | E1: Field Yates | F1: Mel Kiper Jr. | G1: Peter Schrager | H1: Matt Miller | I1: Jordan Reid | K1: Colin Exact | L1: Yates Exact | M1: Kiper Exact | N1: Schrager Exact | O1: Miller Exact | P1: Reid Exact | Q1: Colin in R1 | R1: Yates in R1 | S1: Kiper in R1 | T1: Schrager in R1 | U1: Miller in R1 | V1: Reid in R1 | W1: Colin Team Match | X1: Yates Team Match | Y1: Kiper Team Match | Z1: Schrager Team Match | AA1: Miller Team Match | AB1: Reid Team Match | AC1: Daniel Jeremiah | AD1: Ryan Wilson (CBS) | AE1: Brendan Donahue | AF1: Jeremiah Exact | AG1: Jeremiah in R1 | AH1: Jeremiah Team Match | AI1: Wilson Exact | AJ1: Wilson in R1 | AK1: Wilson Team Match | AL1: Donahue Exact | AM1: Donahue in R1 | AN1: Donahue Team Match | AO1: Dan Parr | AP1: Dan Exact | AQ1: Dan in R1 | AR1: Dan Team Match | AS1: Yahoo (Tice/McDonald) | AT1: Yahoo Exact | AU1: Yahoo in R1 | AV1: Yahoo Team Match | AW1: Rob Rang | AX1: Rob Exact | AY1: Rob in R1 | AZ1: Rob Team Match | BA1: Lance Zierlein | BB1: Lance Exact | BC1: Lance in R1 | BD1: Lance Team Match | BE1: Bucky Brooks | BF1: Bucky Exact | BG1: Bucky in R1 | BH1: Bucky Team Match | BI1: Eric Edholm | BJ1: Eric Exact | BK1: Eric in R1 | BL1: Eric Team Match | BM1: Pete Prisco | BN1: Pete Exact | BO1: Pete in R1 | BP1: Pete Team Match | BQ1: Todd McShay | BR1: Todd Exact | BS1: Todd in R1 | BT1: Todd Team Match | BU1: Colin w/Trade | BV1: ColinTrade Exact | BW1: ColinTrade in R1 | BX1: ColinTrade Team Match | CA1: LV | CB1: Raiders | CC1: NFL Nation (ESPN 4/21) | CD1: NFLNation Exact | CE1: NFLNation in R1 | CF1: NFLNation Team Match | CG1: Rob Paul (SBR 4/23) | CH1: RobPaul Exact | CI1: RobPaul in R1 | CJ1: RobPaul Team Match | CK1: PFF ADP (4/23) | CL1: PFF Exact | CM1: PFF in R1 | CN1: PFF Team Match | CO1: Brent Sobleski (B/R 4/21) | CP1: Brent Exact | CQ1: Brent in R1 | CR1: Brent Team Match | CS1: Lou Pickney (DKDB 4/13) | CT1: Lou Exact | CU1: Lou in R1 | CV1: Lou Team Match | CW1: Tony Pauline | CX1: Pauline Exact | CY1: Pauline in R1 | CZ1: Pauline Team Match | DA1: Charles Davis | DB1: Davis Exact | DC1: Davis in R1 | DD1: Davis Team Match | DE1: Josh Edwards | DF1: Edwards Exact | DG1: Edwards in R1 | DH1: Edwards Team Match | DI1: Ryan McCrystal | DJ1: McCrystal Exact | DK1: McCrystal in R1 | DL1: McCrystal Team Match | DM1: Luke Easterling (Athlon 4/23) | DN1: Easter Exact | DO1: Easter in R1 | DP1: Easter Team Match | DQ1: Vinnie Iyer (SN 4/23) | DR1: Iyer Exact | DS1: Iyer in R1 | DT1: Iyer Team Match | DU1: Walt Cherepinsky | DV1: Walt Exact | DW1: Walt in R1 | DX1: Walt Team Match | DY1: Charlie Campbell | DZ1: Charlie Exact | EA1: Charlie in R1 | EB1: Charlie Team Match | EC1: Chad Reuter | ED1: Chad Exact | EE1: Chad in R1 | EF1: Chad Team Match | EG1: Jason Boris | EH1: Jason Exact | EI1: Jason in R1 | EJ1: Jason Team Match | EK1: Total Exact Hits (all analysts)
A2: 1 | B2: ='Actual nfl first round'!C2 -> Raiders | C2: {=_xlfn.LET(_xlpm.actual, 'Actual nfl first round'!D2, _xlpm.analystNames, _xlfn.TOCOL($E$2:$I$33), _xlpm.mockNames, 'Colin''s Mock'!$D$2:$D$258, _xlpm.allNames, _xlfn.VSTACK(_xlpm.analystNames, _xlpm.mockNames), _xlpm.matches, _xlfn._xlws.FILTER(_xlpm.allNames, ISNUMBER(SEARCH(_xlpm.allNames, _xlpm.actual))*(LEN(_xlpm.allNames)>3), ""), IF(ISERROR(INDEX(_xlpm.matches,1)), _xlpm.actual, INDEX(_xlpm.matches,1)))} -> Fernando Mendoza | D2: ='Colin''s Mock'!D2 -> Fernando Mendoza | E2: =_xlfn.LET(_xlpm.raw, 'Other analyst '!C2, _xlpm.s, IF(LEFT(_xlpm.raw,1)="[", MID(_xlpm.raw, FIND("] ",_xlpm.raw)+2, 999), _xlpm.raw), IFERROR(TRIM(LEFT(_xlpm.s, FIND(" (",_xlpm.s)-1)), _xlpm.raw)) -> Fernando Mendoza | F2: =_xlfn.LET(_xlpm.raw, 'Other analyst '!D2, _xlpm.s, IF(LEFT(_xlpm.raw,1)="[", MID(_xlpm.raw, FIND("] ",_xlpm.raw)+2, 999), _xlpm.raw), IFERROR(TRIM(LEFT(_xlpm.s, FIND(" (",_xlpm.s)-1)), _xlpm.raw)) -> Fernando Mendoza | G2: =_xlfn.LET(_xlpm.raw, 'Other analyst '!E2, _xlpm.s, IF(LEFT(_xlpm.raw,1)="[", MID(_xlpm.raw, FIND("] ",_xlpm.raw)+2, 999), _xlpm.raw), IFERROR(TRIM(LEFT(_xlpm.s, FIND(" (",_xlpm.s)-1)), _xlpm.raw)) -> Fernando Mendoza | H2: =_xlfn.LET(_xlpm.raw, 'Other analyst '!F2, _xlpm.s, IF(LEFT(_xlpm.raw,1)="[", MID(_xlpm.raw, FIND("] ",_xlpm.raw)+2, 999), _xlpm.raw), IFERROR(TRIM(LEFT(_xlpm.s, FIND(" (",_xlpm.s)-1)), _xlpm.raw)) -> Fernando Mendoza | I2: =_xlfn.LET(_xlpm.raw, 'Other analyst '!G2, _xlpm.s, IF(LEFT(_xlpm.raw,1)="[", MID(_xlpm.raw, FIND("] ",_xlpm.raw)+2, 999), _xlpm.raw), IFERROR(TRIM(LEFT(_xlpm.s, FIND(" (",_xlpm.s)-1)), _xlpm.raw)) -> Fernando Mendoza | K2: =IF(OR(D2="", C2=""), 0, IF(OR(EXACT(TRIM(D2),TRIM(C2)), ISNUMBER(SEARCH(D2, C2)), ISNUMBER(SEARCH(C2, D2))), 1, 0)) -> 1 | L2: =IF(OR(E2="", C2=""), 0, IF(OR(EXACT(TRIM(E2),TRIM(C2)), ISNUMBER(SEARCH(E2, C2)), ISNUMBER(SEARCH(C2, E2))), 1, 0)) -> 1 | M2: =IF(OR(F2="", C2=""), 0, IF(OR(EXACT(TRIM(F2),TRIM(C2)), ISNUMBER(SEARCH(F2, C2)), ISNUMBER(SEARCH(C2, F2))), 1, 0)) -> 1 | N2: =IF(OR(G2="", C2=""), 0, IF(OR(EXACT(TRIM(G2),TRIM(C2)), ISNUMBER(SEARCH(G2, C2)), ISNUMBER(SEARCH(C2, G2))), 1, 0)) -> 1 | O2: =IF(OR(H2="", C2=""), 0, IF(OR(EXACT(TRIM(H2),TRIM(C2)), ISNUMBER(SEARCH(H2, C2)), ISNUMBER(SEARCH(C2, H2))), 1, 0)) -> 1 | P2: =IF(OR(I2="", C2=""), 0, IF(OR(EXACT(TRIM(I2),TRIM(C2)), ISNUMBER(SEARCH(I2, C2)), ISNUMBER(SEARCH(C2, I2))), 1, 0)) -> 1 | Q2: {=IF(D2="", 0, IF(SUMPRODUCT(--(ISNUMBER(SEARCH(D2, $C$2:$C$33)) + ISNUMBER(SEARCH($C$2:$C$33, D2))))>0, 1, 0))} -> 1 | R2: {=IF(E2="", 0, IF(SUMPRODUCT(--(ISNUMBER(SEARCH(E2, $C$2:$C$33)) + ISNUMBER(SEARCH($C$2:$C$33, E2))))>0, 1, 0))} -> 1 | S2: {=IF(F2="", 0, IF(SUMPRODUCT(--(ISNUMBER(SEARCH(F2, $C$2:$C$33)) + ISNUMBER(SEARCH($C$2:$C$33, F2))))>0, 1, 0))} -> 1 | T2: {=IF(G2="", 0, IF(SUMPRODUCT(--(ISNUMBER(SEARCH(G2, $C$2:$C$33)) + ISNUMBER(SEARCH($C$2:$C$33, G2))))>0, 1, 0))} -> 1 | U2: {=IF(H2="", 0, IF(SUMPRODUCT(--(ISNUMBER(SEARCH(H2, $C$2:$C$33)) + ISNUMBER(SEARCH($C$2:$C$33, H2))))>0, 1, 0))} -> 1 | V2: {=IF(I2="", 0, IF(SUMPRODUCT(--(ISNUMBER(SEARCH(I2, $C$2:$C$33)) + ISNUMBER(SEARCH($C$2:$C$33, I2))))>0, 1, 0))} -> 1 | W2: {=IF(D2="",0,IF(SUMPRODUCT((ISNUMBER(SEARCH(D2,$C$2:$C$33))+ISNUMBER(SEARCH($C$2:$C$33,D2)))*($B$2:$B$33=$B2))>0,1,0))} -> 1 | X2: {=IF(E2="",0,IF(SUMPRODUCT((ISNUMBER(SEARCH(E2,$C$2:$C$33))+ISNUMBER(SEARCH($C$2:$C$33,E2)))*($B$2:$B$33=$B2))>0,1,0))} -> 1 | Y2: {=IF(F2="",0,IF(SUMPRODUCT((ISNUMBER(SEARCH(F2,$C$2:$C$33))+ISNUMBER(SEARCH($C$2:$C$33,F2)))*($B$2:$B$33=$B2))>0,1,0))} -> 1 | Z2: {=IF(G2="",0,IF(SUMPRODUCT((ISNUMBER(SEARCH(G2,$C$2:$C$33))+ISNUMBER(SEARCH($C$2:$C$33,G2)))*($B$2:$B$33=$B2))>0,1,0))} -> 1 | AA2: {=IF(H2="",0,IF(SUMPRODUCT((ISNUMBER(SEARCH(H2,$C$2:$C$33))+ISNUMBER(SEARCH($C$2:$C$33,H2)))*($B$2:$B$33=$B2))>0,1,0))} -> 1 | AB2: {=IF(I2="",0,IF(SUMPRODUCT((ISNUMBER(SEARCH(I2,$C$2:$C$33))+ISNUMBER(SEARCH($C$2:$C$33,I2)))*($B$2:$B$33=$B2))>0,1,0))} -> 1 | AC2: Fernando Mendoza | AD2: Fernando Mendoza | AE2: Fernando Mendoza | AF2: =IF(AC2="",0,IF((ISNUMBER(SEARCH(AC2,C2))+ISNUMBER(SEARCH(C2,AC2)))>0,1,0)) -> 1 | AG2: {=IF(AC2="",0,IF(SUMPRODUCT((ISNUMBER(SEARCH(AC2,$C$2:$C$33))+ISNUMBER(SEARCH($C$2:$C$33,AC2))))>0,1,0))} -> 1 | AH2: {=IF(AC2="",0,IF(SUMPRODUCT((ISNUMBER(SEARCH(AC2,$C$2:$C$33))+ISNUMBER(SEARCH($C$2:$C$33,AC2)))*($B$2:$B$33=$B2))>0,1,0))} -> 1 | AI2: =IF(AD2="",0,IF((ISNUMBER(SEARCH(AD2,C2))+ISNUMBER(SEARCH(C2,AD2)))>0,1,0)) -> 1 | AJ2: {=IF(AD2="",0,IF(SUMPRODUCT((ISNUMBER(SEARCH(AD2,$C$2:$C$33))+ISNUMBER(SEARCH($C$2:$C$33,AD2))))>0,1,0))} -> 1 | AK2: {=IF(AD2="",0,IF(SUMPRODUCT((ISNUMBER(SEARCH(AD2,$C$2:$C$33))+ISNUMBER(SEARCH($C$2:$C$33,AD2)))*($B$2:$B$33=$B2))>0,1,0))} -> 1 | AL2: =IF(AE2="",0,IF((ISNUMBER(SEARCH(AE2,C2))+ISNUMBER(SEARCH(C2,AE2)))>0,1,0)) -> 1 | AM2: {=IF(AE2="",0,IF(SUMPRODUCT((ISNUMBER(SEARCH(AE2,$C$2:$C$33))+ISNUMBER(SEARCH($C$2:$C$33,AE2))))>0,1,0))} -> 1 | AN2: {=IF(AE2="",0,IF(SUMPRODUCT((ISNUMBER(SEARCH(AE2,$C$2:$C$33))+ISNUMBER(SEARCH($C$2:$C$33,AE2)))*($B$2:$B$33=$B2))>0,1,0))} -> 1 | AO2: {=_xlfn.LET(_xlpm.raw,'Other analyst '!K2,_xlpm.mockNames,'Colin''s Mock'!$D$2:$D$258,_xlpm.analystNames,_xlfn.TOCOL($E$2:$I$33),_xlpm.newNames,_xlfn.TOCOL('Other analyst '!$K$2:$R$33),_xlpm.allNames,_xlfn.VSTACK(_xlpm.mockNames,_xlpm.analystNames,_xlpm.newNames),_xlpm.matches,_xlfn._xlws.FILTER(_xlpm.allNames,ISNUMBER(SEARCH(_xlpm.allNames,_xlpm.raw))*(LEN(_xlpm.allNames)>3),""),IF(ISERROR(INDEX(_xlpm.matches,1)),_xlpm.raw,INDEX(_xlpm.matches,1)))} -> Fernando Mendoza | AP2: =IF(OR(AO2="",AO2=0),0,IF(OR(ISNUMBER(SEARCH(AO2,$C2)),ISNUMBER(SEARCH($C2,AO2))),1,0)) -> 1 | AQ2: {=IF(OR(AO2="",AO2=0),0,IF(SUMPRODUCT(--(ISNUMBER(SEARCH(AO2,$C$2:$C$33))+ISNUMBER(SEARCH($C$2:$C$33,AO2))))>0,1,0))} -> 1 | AR2: {=IF(OR(AO2="",AO2=0),0,IF(SUMPRODUCT((ISNUMBER(SEARCH(AO2,$C$2:$C$33))+ISNUMBER(SEARCH($C$2:$C$33,AO2)))*($B$2:$B$33=$B2))>0,1,0))} -> 1 | AS2: {=_xlfn.LET(_xlpm.raw,'Other analyst '!L2,_xlpm.mockNames,'Colin''s Mock'!$D$2:$D$258,_xlpm.analystNames,_xlfn.TOCOL($E$2:$I$33),_xlpm.newNames,_xlfn.TOCOL('Other analyst '!$K$2:$R$33),_xlpm.allNames,_xlfn.VSTACK(_xlpm.mockNames,_xlpm.analystNames,_xlpm.newNames),_xlpm.matches,_xlfn._xlws.FILTER(_xlpm.allNames,ISNUMBER(SEARCH(_xlpm.allNames,_xlpm.raw))*(LEN(_xlpm.allNames)>3),""),IF(ISERROR(INDEX(_xlpm.matches,1)),_xlpm.raw,INDEX(_xlpm.matches,1)))} -> Fernando Mendoza | AT2: =IF(OR(AS2="",AS2=0),0,IF(OR(ISNUMBER(SEARCH(AS2,$C2)),ISNUMBER(SEARCH($C2,AS2))),1,0)) -> 1 | AU2: {=IF(OR(AS2="",AS2=0),0,IF(SUMPRODUCT(--(ISNUMBER(SEARCH(AS2,$C$2:$C$33))+ISNUMBER(SEARCH($C$2:$C$33,AS2))))>0,1,0))} -> 1 | AV2: {=IF(OR(AS2="",AS2=0),0,IF(SUMPRODUCT((ISNUMBER(SEARCH(AS2,$C$2:$C$33))+ISNUMBER(SEARCH($C$2:$C$33,AS2)))*($B$2:$B$33=$B2))>0,1,0))} -> 1 | AW2: {=_xlfn.LET(_xlpm.raw,'Other analyst '!M2,_xlpm.mockNames,'Colin''s Mock'!$D$2:$D$258,_xlpm.analystNames,_xlfn.TOCOL($E$2:$I$33),_xlpm.newNames,_xlfn.TOCOL('Other analyst '!$K$2:$R$33),_xlpm.allNames,_xlfn.VSTACK(_xlpm.mockNames,_xlpm.analystNames,_xlpm.newNames),_xlpm.matches,_xlfn._xlws.FILTER(_xlpm.allNames,ISNUMBER(SEARCH(_xlpm.allNames,_xlpm.raw))*(LEN(_xlpm.allNames)>3),""),IF(ISERROR(INDEX(_xlpm.matches,1)),_xlpm.raw,INDEX(_xlpm.matches,1)))} -> Fernando Mendoza | AX2: =IF(OR(AW2="",AW2=0),0,IF(OR(ISNUMBER(SEARCH(AW2,$C2)),ISNUMBER(SEARCH($C2,AW2))),1,0)) -> 1 | AY2: {=IF(OR(AW2="",AW2=0),0,IF(SUMPRODUCT(--(ISNUMBER(SEARCH(AW2,$C$2:$C$33))+ISNUMBER(SEARCH($C$2:$C$33,AW2))))>0,1,0))} -> 1 | AZ2: {=IF(OR(AW2="",AW2=0),0,IF(SUMPRODUCT((ISNUMBER(SEARCH(AW2,$C$2:$C$33))+ISNUMBER(SEARCH($C$2:$C$33,AW2)))*($B$2:$B$33=$B2))>0,1,0))} -> 1 | BA2: {=_xlfn.LET(_xlpm.raw,'Other analyst '!N2,_xlpm.mockNames,'Colin''s Mock'!$D$2:$D$258,_xlpm.analystNames,_xlfn.TOCOL($E$2:$I$33),_xlpm.newNames,_xlfn.TOCOL('Other analyst '!$K$2:$R$33),_xlpm.allNames,_xlfn.VSTACK(_xlpm.mockNames,_xlpm.analystNames,_xlpm.newNames),_xlpm.matches,_xlfn._xlws.FILTER(_xlpm.allNames,ISNUMBER(SEARCH(_xlpm.allNames,_xlpm.raw))*(LEN(_xlpm.allNames)>3),""),IF(ISERROR(INDEX(_xlpm.matches,1)),_xlpm.raw,INDEX(_xlpm.matches,1)))} -> Fernando Mendoza | BB2: =IF(OR(BA2="",BA2=0),0,IF(OR(ISNUMBER(SEARCH(BA2,$C2)),ISNUMBER(SEARCH($C2,BA2))),1,0)) -> 1 | BC2: {=IF(OR(BA2="",BA2=0),0,IF(SUMPRODUCT(--(ISNUMBER(SEARCH(BA2,$C$2:$C$33))+ISNUMBER(SEARCH($C$2:$C$33,BA2))))>0,1,0))} -> 1 | BD2: {=IF(OR(BA2="",BA2=0),0,IF(SUMPRODUCT((ISNUMBER(SEARCH(BA2,$C$2:$C$33))+ISNUMBER(SEARCH($C$2:$C$33,BA2)))*($B$2:$B$33=$B2))>0,1,0))} -> 1 | BE2: {=_xlfn.LET(_xlpm.raw,'Other analyst '!O2,_xlpm.mockNames,'Colin''s Mock'!$D$2:$D$258,_xlpm.analystNames,_xlfn.TOCOL($E$2:$I$33),_xlpm.newNames,_xlfn.TOCOL('Other analyst '!$K$2:$R$33),_xlpm.allNames,_xlfn.VSTACK(_xlpm.mockNames,_xlpm.analystNames,_xlpm.newNames),_xlpm.matches,_xlfn._xlws.FILTER(_xlpm.allNames,ISNUMBER(SEARCH(_xlpm.allNames,_xlpm.raw))*(LEN(_xlpm.allNames)>3),""),IF(ISERROR(INDEX(_xlpm.matches,1)),_xlpm.raw,INDEX(_xlpm.matches,1)))} -> Fernando Mendoza | BF2: =IF(OR(BE2="",BE2=0),0,IF(OR(ISNUMBER(SEARCH(BE2,$C2)),ISNUMBER(SEARCH($C2,BE2))),1,0)) -> 1 | BG2: {=IF(OR(BE2="",BE2=0),0,IF(SUMPRODUCT(--(ISNUMBER(SEARCH(BE2,$C$2:$C$33))+ISNUMBER(SEARCH($C$2:$C$33,BE2))))>0,1,0))} -> 1 | BH2: {=IF(OR(BE2="",BE2=0),0,IF(SUMPRODUCT((ISNUMBER(SEARCH(BE2,$C$2:$C$33))+ISNUMBER(SEARCH($C$2:$C$33,BE2)))*($B$2:$B$33=$B2))>0,1,0))} -> 1 | BI2: {=_xlfn.LET(_xlpm.raw,'Other analyst '!P2,_xlpm.mockNames,'Colin''s Mock'!$D$2:$D$258,_xlpm.analystNames,_xlfn.TOCOL($E$2:$I$33),_xlpm.newNames,_xlfn.TOCOL('Other analyst '!$K$2:$R$33),_xlpm.allNames,_xlfn.VSTACK(_xlpm.mockNames,_xlpm.analystNames,_xlpm.newNames),_xlpm.matches,_xlfn._xlws.FILTER(_xlpm.allNames,ISNUMBER(SEARCH(_xlpm.allNames,_xlpm.raw))*(LEN(_xlpm.allNames)>3),""),IF(ISERROR(INDEX(_xlpm.matches,1)),_xlpm.raw,INDEX(_xlpm.matches,1)))} -> Fernando Mendoza | BJ2: =IF(OR(BI2="",BI2=0),0,IF(OR(ISNUMBER(SEARCH(BI2,$C2)),ISNUMBER(SEARCH($C2,BI2))),1,0)) -> 1 | BK2: {=IF(OR(BI2="",BI2=0),0,IF(SUMPRODUCT(--(ISNUMBER(SEARCH(BI2,$C$2:$C$33))+ISNUMBER(SEARCH($C$2:$C$33,BI2))))>0,1,0))} -> 1 | BL2: {=IF(OR(BI2="",BI2=0),0,IF(SUMPRODUCT((ISNUMBER(SEARCH(BI2,$C$2:$C$33))+ISNUMBER(SEARCH($C$2:$C$33,BI2)))*($B$2:$B$33=$B2))>0,1,0))} -> 1 | BM2: {=_xlfn.LET(_xlpm.raw,'Other analyst '!Q2,_xlpm.mockNames,'Colin''s Mock'!$D$2:$D$258,_xlpm.analystNames,_xlfn.TOCOL($E$2:$I$33),_xlpm.newNames,_xlfn.TOCOL('Other analyst '!$K$2:$R$33),_xlpm.allNames,_xlfn.VSTACK(_xlpm.mockNames,_xlpm.analystNames,_xlpm.newNames),_xlpm.matches,_xlfn._xlws.FILTER(_xlpm.allNames,ISNUMBER(SEARCH(_xlpm.allNames,_xlpm.raw))*(LEN(_xlpm.allNames)>3),""),IF(ISERROR(INDEX(_xlpm.matches,1)),_xlpm.raw,INDEX(_xlpm.matches,1)))} -> Fernando Mendoza | BN2: =IF(OR(BM2="",BM2=0),0,IF(OR(ISNUMBER(SEARCH(BM2,$C2)),ISNUMBER(SEARCH($C2,BM2))),1,0)) -> 1 | BO2: {=IF(OR(BM2="",BM2=0),0,IF(SUMPRODUCT(--(ISNUMBER(SEARCH(BM2,$C$2:$C$33))+ISNUMBER(SEARCH($C$2:$C$33,BM2))))>0,1,0))} -> 1 | BP2: {=IF(OR(BM2="",BM2=0),0,IF(SUMPRODUCT((ISNUMBER(SEARCH(BM2,$C$2:$C$33))+ISNUMBER(SEARCH($C$2:$C$33,BM2)))*($B$2:$B$33=$B2))>0,1,0))} -> 1 | BQ2: {=_xlfn.LET(_xlpm.raw,'Other analyst '!R2,_xlpm.mockNames,'Colin''s Mock'!$D$2:$D$258,_xlpm.analystNames,_xlfn.TOCOL($E$2:$I$33),_xlpm.newNames,_xlfn.TOCOL('Other analyst '!$K$2:$R$33),_xlpm.allNames,_xlfn.VSTACK(_xlpm.mockNames,_xlpm.analystNames,_xlpm.newNames),_xlpm.matches,_xlfn._xlws.FILTER(_xlpm.allNames,ISNUMBER(SEARCH(_xlpm.allNames,_xlpm.raw))*(LEN(_xlpm.allNames)>3),""),IF(ISERROR(INDEX(_xlpm.matches,1)),_xlpm.raw,INDEX(_xlpm.matches,1)))} -> Fernando Mendoza | BR2: =IF(OR(BQ2="",BQ2=0),0,IF(OR(ISNUMBER(SEARCH(BQ2,$C2)),ISNUMBER(SEARCH($C2,BQ2))),1,0)) -> 1 | BS2: {=IF(OR(BQ2="",BQ2=0),0,IF(SUMPRODUCT(--(ISNUMBER(SEARCH(BQ2,$C$2:$C$33))+ISNUMBER(SEARCH($C$2:$C$33,BQ2))))>0,1,0))} -> 1 | BT2: {=IF(OR(BQ2="",BQ2=0),0,IF(SUMPRODUCT((ISNUMBER(SEARCH(BQ2,$C$2:$C$33))+ISNUMBER(SEARCH($C$2:$C$33,BQ2)))*($B$2:$B$33=$B2))>0,1,0))} -> 1 | BU2: ='Colin Mock wTrade'!D2 -> Fernando Mendoza | BV2: =IF(BU2="",0,IF(OR(ISNUMBER(SEARCH(BU2,C2)),ISNUMBER(SEARCH(C2,BU2))),1,0)) -> 1 | BW2: {=IF(BU2="",0,IF(SUMPRODUCT(--(ISNUMBER(SEARCH(BU2,$C$2:$C$33))+ISNUMBER(SEARCH($C$2:$C$33,BU2))))>0,1,0))} -> 1 | BX2: {=IF(BU2="",0,IFERROR(IF(SUMPRODUCT((ISNUMBER(SEARCH(BU2,$C$2:$C$33))+ISNUMBER(SEARCH($C$2:$C$33,BU2)))*($B$2:$B$33=VLOOKUP('Colin Mock wTrade'!C2,$CA$1:$CB$32,2,FALSE)))>0,1,0),0))} -> 1 | CA2: NYJ | CB2: Jets | CC2: ='Other analyst '!S2 -> Fernando Mendoza | CD2: =IF(CC2="",0,IF(OR(ISNUMBER(SEARCH(CC2,C2)),ISNUMBER(SEARCH(C2,CC2))),1,0)) -> 1 | CE2: {=IF(CC2="",0,IF(SUMPRODUCT(--(ISNUMBER(SEARCH(CC2,$C$2:$C$33))+ISNUMBER(SEARCH($C$2:$C$33,CC2))))>0,1,0))} -> 1 | CF2: {=IF(CC2="",0,IF(SUMPRODUCT((ISNUMBER(SEARCH(CC2,$C$2:$C$33))+ISNUMBER(SEARCH($C$2:$C$33,CC2)))*($B$2:$B$33=$B2))>0,1,0))} -> 1 | CG2: ='Other analyst '!T2 -> Fernando Mendoza | CH2: =IF(CG2="",0,IF(OR(ISNUMBER(SEARCH(CG2,C2)),ISNUMBER(SEARCH(C2,CG2))),1,0)) -> 1 | CI2: {=IF(CG2="",0,IF(SUMPRODUCT(--(ISNUMBER(SEARCH(CG2,$C$2:$C$33))+ISNUMBER(SEARCH($C$2:$C$33,CG2))))>0,1,0))} -> 1 | CJ2: {=IF(CG2="",0,IF(SUMPRODUCT((ISNUMBER(SEARCH(CG2,$C$2:$C$33))+ISNUMBER(SEARCH($C$2:$C$33,CG2)))*($B$2:$B$33=$B2))>0,1,0))} -> 1 | CK2: ='Other analyst '!U2 -> Fernando Mendoza | CL2: =IF(CK2="",0,IF(OR(ISNUMBER(SEARCH(CK2,C2)),ISNUMBER(SEARCH(C2,CK2))),1,0)) -> 1 | CM2: {=IF(CK2="",0,IF(SUMPRODUCT(--(ISNUMBER(SEARCH(CK2,$C$2:$C$33))+ISNUMBER(SEARCH($C$2:$C$33,CK2))))>0,1,0))} -> 1 | CN2: {=IF(CK2="",0,IF(SUMPRODUCT((ISNUMBER(SEARCH(CK2,$C$2:$C$33))+ISNUMBER(SEARCH($C$2:$C$33,CK2)))*($B$2:$B$33=$B2))>0,1,0))} -> 1 | CO2: ='Other analyst '!V2 -> Arch Manning | CP2: =IF(CO2="",0,IF(OR(ISNUMBER(SEARCH(CO2,C2)),ISNUMBER(SEARCH(C2,CO2))),1,0)) -> 0 | CQ2: {=IF(CO2="",0,IF(SUMPRODUCT(--(ISNUMBER(SEARCH(CO2,$C$2:$C$33))+ISNUMBER(SEARCH($C$2:$C$33,CO2))))>0,1,0))} -> 0 | CR2: {=IF(CO2="",0,IF(SUMPRODUCT((ISNUMBER(SEARCH(CO2,$C$2:$C$33))+ISNUMBER(SEARCH($C$2:$C$33,CO2)))*($B$2:$B$33=$B2))>0,1,0))} -> 0 | CS2: ='Other analyst '!W2 -> Fernando Mendoza | CT2: =IF(CS2="",0,IF(OR(ISNUMBER(SEARCH(CS2,C2)),ISNUMBER(SEARCH(C2,CS2))),1,0)) -> 1 | CU2: {=IF(CS2="",0,IF(SUMPRODUCT(--(ISNUMBER(SEARCH(CS2,$C$2:$C$33))+ISNUMBER(SEARCH($C$2:$C$33,CS2))))>0,1,0))} -> 1 | CV2: {=IF(CS2="",0,IFERROR(IF(SUMPRODUCT((ISNUMBER(SEARCH(CS2,$C$2:$C$33))+ISNUMBER(SEARCH($C$2:$C$33,CS2)))*(ISNUMBER(SEARCH($B$2:$B$33,'Other analyst '!B2))+ISNUMBER(SEARCH('Other analyst '!B2,$B$2:$B$33))))>0,1,0),0))} -> 1 | CW2: ='Other analyst '!AD2 -> Fernando Mendoza | CX2: =IF(CW2="",0,IF(OR(ISNUMBER(SEARCH(CW2,C2)),ISNUMBER(SEARCH(C2,CW2))),1,0)) -> 1 | CY2: {=IF(CW2="",0,IF(SUMPRODUCT(--(ISNUMBER(SEARCH(CW2,$C$2:$C$33))+ISNUMBER(SEARCH($C$2:$C$33,CW2))))>0,1,0))} -> 1 | CZ2: {=IF(CW2="",0,IF(SUMPRODUCT((ISNUMBER(SEARCH(CW2,$C$2:$C$33))+ISNUMBER(SEARCH($C$2:$C$33,CW2)))*($B$2:$B$33=$B2))>0,1,0))} -> 1 | DA2: ='Other analyst '!AE2 -> Fernando Mendoza | DB2: =IF(DA2="",0,IF(OR(ISNUMBER(SEARCH(DA2,C2)),ISNUMBER(SEARCH(C2,DA2))),1,0)) -> 1 | DC2: {=IF(DA2="",0,IF(SUMPRODUCT(--(ISNUMBER(SEARCH(DA2,$C$2:$C$33))+ISNUMBER(SEARCH($C$2:$C$33,DA2))))>0,1,0))} -> 1 | DD2: {=IF(DA2="",0,IF(SUMPRODUCT((ISNUMBER(SEARCH(DA2,$C$2:$C$33))+ISNUMBER(SEARCH($C$2:$C$33,DA2)))*($B$2:$B$33=$B2))>0,1,0))} -> 1 | DE2: ='Other analyst '!AF2 -> Fernando Mendoza | DF2: =IF(DE2="",0,IF(OR(ISNUMBER(SEARCH(DE2,C2)),ISNUMBER(SEARCH(C2,DE2))),1,0)) -> 1 | DG2: {=IF(DE2="",0,IF(SUMPRODUCT(--(ISNUMBER(SEARCH(DE2,$C$2:$C$33))+ISNUMBER(SEARCH($C$2:$C$33,DE2))))>0,1,0))} -> 1 | DH2: {=IF(DE2="",0,IF(SUMPRODUCT((ISNUMBER(SEARCH(DE2,$C$2:$C$33))+ISNUMBER(SEARCH($C$2:$C$33,DE2)))*($B$2:$B$33=$B2))>0,1,0))} -> 1 | DI2: ='Other analyst '!AG2 -> Fernando Mendoza | DJ2: =IF(DI2="",0,IF(OR(ISNUMBER(SEARCH(DI2,C2)),ISNUMBER(SEARCH(C2,DI2))),1,0)) -> 1 | DK2: {=IF(DI2="",0,IF(SUMPRODUCT(--(ISNUMBER(SEARCH(DI2,$C$2:$C$33))+ISNUMBER(SEARCH($C$2:$C$33,DI2))))>0,1,0))} -> 1 | DL2: {=IF(DI2="",0,IF(SUMPRODUCT((ISNUMBER(SEARCH(DI2,$C$2:$C$33))+ISNUMBER(SEARCH($C$2:$C$33,DI2)))*($B$2:$B$33=$B2))>0,1,0))} -> 1 | DM2: ='Other analyst '!AB2 -> Fernando Mendoza | DN2: =IF(DM2="",0,IF(OR(ISNUMBER(SEARCH(DM2,C2)),ISNUMBER(SEARCH(C2,DM2))),1,0)) -> 1 | DO2: {=IF(DM2="",0,IF(SUMPRODUCT(--(ISNUMBER(SEARCH(DM2,$C$2:$C$33))+ISNUMBER(SEARCH($C$2:$C$33,DM2))))>0,1,0))} -> 1 | DP2: {=IF(DM2="",0,IFERROR(IF(SUMPRODUCT((ISNUMBER(SEARCH(DM2,$C$2:$C$33))+ISNUMBER(SEARCH($C$2:$C$33,DM2)))*(ISNUMBER(SEARCH($B$2:$B$33,'Other analyst '!B2))+ISNUMBER(SEARCH('Other analyst '!B2,$B$2:$B$33))))>0,1,0),0))} -> 1 | DQ2: ='Other analyst '!AC2 -> Fernando Mendoza | DR2: =IF(DQ2="",0,IF(OR(ISNUMBER(SEARCH(DQ2,C2)),ISNUMBER(SEARCH(C2,DQ2))),1,0)) -> 1 | DS2: {=IF(DQ2="",0,IF(SUMPRODUCT(--(ISNUMBER(SEARCH(DQ2,$C$2:$C$33))+ISNUMBER(SEARCH($C$2:$C$33,DQ2))))>0,1,0))} -> 1 | DT2: {=IF(DQ2="",0,IFERROR(IF(SUMPRODUCT((ISNUMBER(SEARCH(DQ2,$C$2:$C$33))+ISNUMBER(SEARCH($C$2:$C$33,DQ2)))*(ISNUMBER(SEARCH($B$2:$B$33,'Other analyst '!B2))+ISNUMBER(SEARCH('Other analyst '!B2,$B$2:$B$33))))>0,1,0),0))} -> 1 | DU2: =IFERROR(TRIM(LEFT(IF(ISNUMBER(SEARCH("]",'Other analyst '!X2)),MID('Other analyst '!X2,SEARCH("]",'Other analyst '!X2)+1,200),'Other analyst '!X2),IFERROR(SEARCH(" (",IF(ISNUMBER(SEARCH("]",'Other analyst '!X2)),MID('Other analyst '!X2,SEARCH("]",'Other analyst '!X2)+1,200),'Other analyst '!X2))-1,LEN('Other analyst '!X2)))),"") -> Fernando Mendoza | DV2: =IF(DU2="",0,IF(OR(ISNUMBER(SEARCH(DU2,C2)),ISNUMBER(SEARCH(C2,DU2))),1,0)) -> 1 | DW2: {=IF(DU2="",0,IF(SUMPRODUCT((ISNUMBER(SEARCH(DU2,$C$2:$C$33))+ISNUMBER(SEARCH($C$2:$C$33,DU2))))>0,1,0))} -> 1 | DX2: 0 | DY2: =IFERROR(TRIM(LEFT(IF(ISNUMBER(SEARCH("]",'Other analyst '!Y2)),MID('Other analyst '!Y2,SEARCH("]",'Other analyst '!Y2)+1,200),'Other analyst '!Y2),IFERROR(SEARCH(" (",IF(ISNUMBER(SEARCH("]",'Other analyst '!Y2)),MID('Other analyst '!Y2,SEARCH("]",'Other analyst '!Y2)+1,200),'Other analyst '!Y2))-1,LEN('Other analyst '!Y2)))),"") -> Fernando Mendoza | DZ2: =IF(DY2="",0,IF(OR(ISNUMBER(SEARCH(DY2,C2)),ISNUMBER(SEARCH(C2,DY2))),1,0)) -> 1 | EA2: {=IF(DY2="",0,IF(SUMPRODUCT((ISNUMBER(SEARCH(DY2,$C$2:$C$33))+ISNUMBER(SEARCH($C$2:$C$33,DY2))))>0,1,0))} -> 1 | EB2: 0 | EC2: =IFERROR(TRIM(LEFT(IF(ISNUMBER(SEARCH("]",'Other analyst '!Z2)),MID('Other analyst '!Z2,SEARCH("]",'Other analyst '!Z2)+1,200),'Other analyst '!Z2),IFERROR(SEARCH(" (",IF(ISNUMBER(SEARCH("]",'Other analyst '!Z2)),MID('Other analyst '!Z2,SEARCH("]",'Other analyst '!Z2)+1,200),'Other analyst '!Z2))-1,LEN('Other analyst '!Z2)))),"") -> Fernando Mendoza | ED2: =IF(EC2="",0,IF(OR(ISNUMBER(SEARCH(EC2,C2)),ISNUMBER(SEARCH(C2,EC2))),1,0)) -> 1 | EE2: {=IF(EC2="",0,IF(SUMPRODUCT((ISNUMBER(SEARCH(EC2,$C$2:$C$33))+ISNUMBER(SEARCH($C$2:$C$33,EC2))))>0,1,0))} -> 1 | EF2: 0 | EG2: =IFERROR(TRIM(LEFT(IF(ISNUMBER(SEARCH("]",'Other analyst '!AA2)),MID('Other analyst '!AA2,SEARCH("]",'Other analyst '!AA2)+1,200),'Other analyst '!AA2),IFERROR(SEARCH(" (",IF(ISNUMBER(SEARCH("]",'Other analyst '!AA2)),MID('Other analyst '!AA2,SEARCH("]",'Other analyst '!AA2)+1,200),'Other analyst '!AA2))-1,LEN('Other analyst '!AA2)))),"") -> Fernando Mendoza | EH2: =IF(EG2="",0,IF(OR(ISNUMBER(SEARCH(EG2,C2)),ISNUMBER(SEARCH(C2,EG2))),1,0)) -> 1 | EI2: {=IF(EG2="",0,IF(SUMPRODUCT((ISNUMBER(SEARCH(EG2,$C$2:$C$33))+ISNUMBER(SEARCH($C$2:$C$33,EG2))))>0,1,0))} -> 1 | EJ2: 0 | EK2: =K2+L2+M2+N2+O2+P2+AF2+AI2+AL2+AP2+AT2+AX2+BB2+BF2+BJ2+BN2+BR2+BV2+CD2+CH2+CL2+CP2+CT2+DV2+DZ2+ED2+EH2+DN2+DR2+CX2+DB2+DF2+DJ2 -> 32
A3: 2 | B3: ='Actual nfl first round'!C3 -> Jets | C3: {=_xlfn.LET(_xlpm.actual, 'Actual nfl first round'!D3, _xlpm.analystNames, _xlfn.TOCOL($E$2:$I$33), _xlpm.mockNames, 'Colin''s Mock'!$D$2:$D$258, _xlpm.allNames, _xlfn.VSTACK(_xlpm.analystNames, _xlpm.mockNames), _xlpm.matches, _xlfn._xlws.FILTER(_xlpm.allNames, ISNUMBER(SEARCH(_xlpm.allNames, _xlpm.actual))*(LEN(_xlpm.allNames)>3), ""), IF(ISERROR(INDEX(_xlpm.matches,1)), _xlpm.actual, INDEX(_xlpm.matches,1)))} -> David Bailey | D3: ='Colin''s Mock'!D3 -> David Bailey | E3: =_xlfn.LET(_xlpm.raw, 'Other analyst '!C3, _xlpm.s, IF(LEFT(_xlpm.raw,1)="[", MID(_xlpm.raw, FIND("] ",_xlpm.raw)+2, 999), _xlpm.raw), IFERROR(TRIM(LEFT(_xlpm.s, FIND(" (",_xlpm.s)-1)), _xlpm.raw)) -> David Bailey | F3: =_xlfn.LET(_xlpm.raw, 'Other analyst '!D3, _xlpm.s, IF(LEFT(_xlpm.raw,1)="[", MID(_xlpm.raw, FIND("] ",_xlpm.raw)+2, 999), _xlpm.raw), IFERROR(TRIM(LEFT(_xlpm.s, FIND(" (",_xlpm.s)-1)), _xlpm.raw)) -> David Bailey | G3: =_xlfn.LET(_xlpm.raw, 'Other analyst '!E3, _xlpm.s, IF(LEFT(_xlpm.raw,1)="[", MID(_xlpm.raw, FIND("] ",_xlpm.raw)+2, 999), _xlpm.raw), IFERROR(TRIM(LEFT(_xlpm.s, FIND(" (",_xlpm.s)-1)), _xlpm.raw)) -> David Bailey | H3: =_xlfn.LET(_xlpm.raw, 'Other analyst '!F3, _xlpm.s, IF(LEFT(_xlpm.raw,1)="[", MID(_xlpm.raw, FIND("] ",_xlpm.raw)+2, 999), _xlpm.raw), IFERROR(TRIM(LEFT(_xlpm.s, FIND(" (",_xlpm.s)-1)), _xlpm.raw)) -> David Bailey | I3: =_xlfn.LET(_xlpm.raw, 'Other analyst '!G3, _xlpm.s, IF(LEFT(_xlpm.raw,1)="[", MID(_xlpm.raw, FIND("] ",_xlpm.raw)+2, 999), _xlpm.raw), IFERROR(TRIM(LEFT(_xlpm.s, FIND(" (",_xlpm.s)-1)), _xlpm.raw)) -> Arvell Reese | K3: =IF(OR(D3="", C3=""), 0, IF(OR(EXACT(TRIM(D3),TRIM(C3)), ISNUMBER(SEARCH(D3, C3)), ISNUMBER(SEARCH(C3, D3))), 1, 0)) -> 1 | L3: =IF(OR(E3="", C3=""), 0, IF(OR(EXACT(TRIM(E3),TRIM(C3)), ISNUMBER(SEARCH(E3, C3)), ISNUMBER(SEARCH(C3, E3))), 1, 0)) -> 1 | M3: =IF(OR(F3="", C3=""), 0, IF(OR(EXACT(TRIM(F3),TRIM(C3)), ISNUMBER(SEARCH(F3, C3)), ISNUMBER(SEARCH(C3, F3))), 1, 0)) -> 1 | N3: =IF(OR(G3="", C3=""), 0, IF(OR(EXACT(TRIM(G3),TRIM(C3)), ISNUMBER(SEARCH(G3, C3)), ISNUMBER(SEARCH(C3, G3))), 1, 0)) -> 1 | O3: =IF(OR(H3="", C3=""), 0, IF(OR(EXACT(TRIM(H3),TRIM(C3)), ISNUMBER(SEARCH(H3, C3)), ISNUMBER(SEARCH(C3, H3))), 1, 0)) -> 1 | P3: =IF(OR(I3="", C3=""), 0, IF(OR(EXACT(TRIM(I3),TRIM(C3)), ISNUMBER(SEARCH(I3, C3)), ISNUMBER(SEARCH(C3, I3))), 1, 0)) -> 0 | Q3: {=IF(D3="", 0, IF(SUMPRODUCT(--(ISNUMBER(SEARCH(D3, $C$2:$C$33)) + ISNUMBER(SEARCH($C$2:$C$33, D3))))>0, 1, 0))} -> 1 | R3: {=IF(E3="", 0, IF(SUMPRODUCT(--(ISNUMBER(SEARCH(E3, $C$2:$C$33)) + ISNUMBER(SEARCH($C$2:$C$33, E3))))>0, 1, 0))} -> 1 | S3: {=IF(F3="", 0, IF(SUMPRODUCT(--(ISNUMBER(SEARCH(F3, $C$2:$C$33)) + ISNUMBER(SEARCH($C$2:$C$33, F3))))>0, 1, 0))} -> 1 | T3: {=IF(G3="", 0, IF(SUMPRODUCT(--(ISNUMBER(SEARCH(G3, $C$2:$C$33)) + ISNUMBER(SEARCH($C$2:$C$33, G3))))>0, 1, 0))} -> 1 | U3: {=IF(H3="", 0, IF(SUMPRODUCT(--(ISNUMBER(SEARCH(H3, $C$2:$C$33)) + ISNUMBER(SEARCH($C$2:$C$33, H3))))>0, 1, 0))} -> 1 | V3: {=IF(I3="", 0, IF(SUMPRODUCT(--(ISNUMBER(SEARCH(I3, $C$2:$C$33)) + ISNUMBER(SEARCH($C$2:$C$33, I3))))>0, 1, 0))} -> 1 | W3: {=IF(D3="",0,IF(SUMPRODUCT((ISNUMBER(SEARCH(D3,$C$2:$C$33))+ISNUMBER(SEARCH($C$2:$C$33,D3)))*($B$2:$B$33=$B3))>0,1,0))} -> 1 | X3: {=IF(E3="",0,IF(SUMPRODUCT((ISNUMBER(SEARCH(E3,$C$2:$C$33))+ISNUMBER(SEARCH($C$2:$C$33,E3)))*($B$2:$B$33=$B3))>0,1,0))} -> 1 | Y3: {=IF(F3="",0,IF(SUMPRODUCT((ISNUMBER(SEARCH(F3,$C$2:$C$33))+ISNUMBER(SEARCH($C$2:$C$33,F3)))*($B$2:$B$33=$B3))>0,1,0))} -> 1 | Z3: {=IF(G3="",0,IF(SUMPRODUCT((ISNUMBER(SEARCH(G3,$C$2:$C$33))+ISNUMBER(SEARCH($C$2:$C$33,G3)))*($B$2:$B$33=$B3))>0,1,0))} -> 1 | AA3: {=IF(H3="",0,IF(SUMPRODUCT((ISNUMBER(SEARCH(H3,$C$2:$C$33))+ISNUMBER(SEARCH($C$2:$C$33,H3)))*($B$2:$B$33=$B3))>0,1,0))} -> 1 | AB3: {=IF(I3="",0,IF(SUMPRODUCT((ISNUMBER(SEARCH(I3,$C$2:$C$33))+ISNUMBER(SEARCH($C$2:$C$33,I3)))*($B$2:$B$33=$B3))>0,1,0))} -> 0 | AC3: David Bailey | AD3: David Bailey | AE3: Arvell Reese | AF3: =IF(AC3="",0,IF((ISNUMBER(SEARCH(AC3,C3))+ISNUMBER(SEARCH(C3,AC3)))>0,1,0)) -> 1 | AG3: {=IF(AC3="",0,IF(SUMPRODUCT((ISNUMBER(SEARCH(AC3,$C$2:$C$33))+ISNUMBER(SEARCH($C$2:$C$33,AC3))))>0,1,0))} -> 1 | AH3: {=IF(AC3="",0,IF(SUMPRODUCT((ISNUMBER(SEARCH(AC3,$C$2:$C$33))+ISNUMBER(SEARCH($C$2:$C$33,AC3)))*($B$2:$B$33=$B3))>0,1,0))} -> 1 | AI3: =IF(AD3="",0,IF((ISNUMBER(SEARCH(AD3,C3))+ISNUMBER(SEARCH(C3,AD3)))>0,1,0)) -> 1 | AJ3: {=IF(AD3="",0,IF(SUMPRODUCT((ISNUMBER(SEARCH(AD3,$C$2:$C$33))+ISNUMBER(SEARCH($C$2:$C$33,AD3))))>0,1,0))} -> 1 | AK3: {=IF(AD3="",0,IF(SUMPRODUCT((ISNUMBER(SEARCH(AD3,$C$2:$C$33))+ISNUMBER(SEARCH($C$2:$C$33,AD3)))*($B$2:$B$33=$B3))>0,1,0))} -> 1 | AL3: =IF(AE3="",0,IF((ISNUMBER(SEARCH(AE3,C3))+ISNUMBER(SEARCH(C3,AE3)))>0,1,0)) -> 0 | AM3: {=IF(AE3="",0,IF(SUMPRODUCT((ISNUMBER(SEARCH(AE3,$C$2:$C$33))+ISNUMBER(SEARCH($C$2:$C$33,AE3))))>0,1,0))} -> 1 | AN3: {=IF(AE3="",0,IF(SUMPRODUCT((ISNUMBER(SEARCH(AE3,$C$2:$C$33))+ISNUMBER(SEARCH($C$2:$C$33,AE3)))*($B$2:$B$33=$B3))>0,1,0))} -> 0 | AO3: {=_xlfn.LET(_xlpm.raw,'Other analyst '!K3,_xlpm.mockNames,'Colin''s Mock'!$D$2:$D$258,_xlpm.analystNames,_xlfn.TOCOL($E$2:$I$33),_xlpm.newNames,_xlfn.TOCOL('Other analyst '!$K$2:$R$33),_xlpm.allNames,_xlfn.VSTACK(_xlpm.mockNames,_xlpm.analystNames,_xlpm.newNames),_xlpm.matches,_xlfn._xlws.FILTER(_xlpm.allNames,ISNUMBER(SEARCH(_xlpm.allNames,_xlpm.raw))*(LEN(_xlpm.allNames)>3),""),IF(ISERROR(INDEX(_xlpm.matches,1)),_xlpm.raw,INDEX(_xlpm.matches,1)))} -> Arvell Reese | AP3: =IF(OR(AO3="",AO3=0),0,IF(OR(ISNUMBER(SEARCH(AO3,$C3)),ISNUMBER(SEARCH($C3,AO3))),1,0)) -> 0 | AQ3: {=IF(OR(AO3="",AO3=0),0,IF(SUMPRODUCT(--(ISNUMBER(SEARCH(AO3,$C$2:$C$33))+ISNUMBER(SEARCH($C$2:$C$33,AO3))))>0,1,0))} -> 1 | AR3: {=IF(OR(AO3="",AO3=0),0,IF(SUMPRODUCT((ISNUMBER(SEARCH(AO3,$C$2:$C$33))+ISNUMBER(SEARCH($C$2:$C$33,AO3)))*($B$2:$B$33=$B3))>0,1,0))} -> 0 | AS3: {=_xlfn.LET(_xlpm.raw,'Other analyst '!L3,_xlpm.mockNames,'Colin''s Mock'!$D$2:$D$258,_xlpm.analystNames,_xlfn.TOCOL($E$2:$I$33),_xlpm.newNames,_xlfn.TOCOL('Other analyst '!$K$2:$R$33),_xlpm.allNames,_xlfn.VSTACK(_xlpm.mockNames,_xlpm.analystNames,_xlpm.newNames),_xlpm.matches,_xlfn._xlws.FILTER(_xlpm.allNames,ISNUMBER(SEARCH(_xlpm.allNames,_xlpm.raw))*(LEN(_xlpm.allNames)>3),""),IF(ISERROR(INDEX(_xlpm.matches,1)),_xlpm.raw,INDEX(_xlpm.matches,1)))} -> David Bailey | AT3: =IF(OR(AS3="",AS3=0),0,IF(OR(ISNUMBER(SEARCH(AS3,$C3)),ISNUMBER(SEARCH($C3,AS3))),1,0)) -> 1 | AU3: {=IF(OR(AS3="",AS3=0),0,IF(SUMPRODUCT(--(ISNUMBER(SEARCH(AS3,$C$2:$C$33))+ISNUMBER(SEARCH($C$2:$C$33,AS3))))>0,1,0))} -> 1 | AV3: {=IF(OR(AS3="",AS3=0),0,IF(SUMPRODUCT((ISNUMBER(SEARCH(AS3,$C$2:$C$33))+ISNUMBER(SEARCH($C$2:$C$33,AS3)))*($B$2:$B$33=$B3))>0,1,0))} -> 1 | AW3: {=_xlfn.LET(_xlpm.raw,'Other analyst '!M3,_xlpm.mockNames,'Colin''s Mock'!$D$2:$D$258,_xlpm.analystNames,_xlfn.TOCOL($E$2:$I$33),_xlpm.newNames,_xlfn.TOCOL('Other analyst '!$K$2:$R$33),_xlpm.allNames,_xlfn.VSTACK(_xlpm.mockNames,_xlpm.analystNames,_xlpm.newNames),_xlpm.matches,_xlfn._xlws.FILTER(_xlpm.allNames,ISNUMBER(SEARCH(_xlpm.allNames,_xlpm.raw))*(LEN(_xlpm.allNames)>3),""),IF(ISERROR(INDEX(_xlpm.matches,1)),_xlpm.raw,INDEX(_xlpm.matches,1)))} -> David Bailey | AX3: =IF(OR(AW3="",AW3=0),0,IF(OR(ISNUMBER(SEARCH(AW3,$C3)),ISNUMBER(SEARCH($C3,AW3))),1,0)) -> 1 | AY3: {=IF(OR(AW3="",AW3=0),0,IF(SUMPRODUCT(--(ISNUMBER(SEARCH(AW3,$C$2:$C$33))+ISNUMBER(SEARCH($C$2:$C$33,AW3))))>0,1,0))} -> 1 | AZ3: {=IF(OR(AW3="",AW3=0),0,IF(SUMPRODUCT((ISNUMBER(SEARCH(AW3,$C$2:$C$33))+ISNUMBER(SEARCH($C$2:$C$33,AW3)))*($B$2:$B$33=$B3))>0,1,0))} -> 1 | BA3: {=_xlfn.LET(_xlpm.raw,'Other analyst '!N3,_xlpm.mockNames,'Colin''s Mock'!$D$2:$D$258,_xlpm.analystNames,_xlfn.TOCOL($E$2:$I$33),_xlpm.newNames,_xlfn.TOCOL('Other analyst '!$K$2:$R$33),_xlpm.allNames,_xlfn.VSTACK(_xlpm.mockNames,_xlpm.analystNames,_xlpm.newNames),_xlpm.matches,_xlfn._xlws.FILTER(_xlpm.allNames,ISNUMBER(SEARCH(_xlpm.allNames,_xlpm.raw))*(LEN(_xlpm.allNames)>3),""),IF(ISERROR(INDEX(_xlpm.matches,1)),_xlpm.raw,INDEX(_xlpm.matches,1)))} -> David Bailey | BB3: =IF(OR(BA3="",BA3=0),0,IF(OR(ISNUMBER(SEARCH(BA3,$C3)),ISNUMBER(SEARCH($C3,BA3))),1,0)) -> 1 | BC3: {=IF(OR(BA3="",BA3=0),0,IF(SUMPRODUCT(--(ISNUMBER(SEARCH(BA3,$C$2:$C$33))+ISNUMBER(SEARCH($C$2:$C$33,BA3))))>0,1,0))} -> 1 | BD3: {=IF(OR(BA3="",BA3=0),0,IF(SUMPRODUCT((ISNUMBER(SEARCH(BA3,$C$2:$C$33))+ISNUMBER(SEARCH($C$2:$C$33,BA3)))*($B$2:$B$33=$B3))>0,1,0))} -> 1 | BE3: {=_xlfn.LET(_xlpm.raw,'Other analyst '!O3,_xlpm.mockNames,'Colin''s Mock'!$D$2:$D$258,_xlpm.analystNames,_xlfn.TOCOL($E$2:$I$33),_xlpm.newNames,_xlfn.TOCOL('Other analyst '!$K$2:$R$33),_xlpm.allNames,_xlfn.VSTACK(_xlpm.mockNames,_xlpm.analystNames,_xlpm.newNames),_xlpm.matches,_xlfn._xlws.FILTER(_xlpm.allNames,ISNUMBER(SEARCH(_xlpm.allNames,_xlpm.raw))*(LEN(_xlpm.allNames)>3),""),IF(ISERROR(INDEX(_xlpm.matches,1)),_xlpm.raw,INDEX(_xlpm.matches,1)))} -> David Bailey | BF3: =IF(OR(BE3="",BE3=0),0,IF(OR(ISNUMBER(SEARCH(BE3,$C3)),ISNUMBER(SEARCH($C3,BE3))),1,0)) -> 1 | BG3: {=IF(OR(BE3="",BE3=0),0,IF(SUMPRODUCT(--(ISNUMBER(SEARCH(BE3,$C$2:$C$33))+ISNUMBER(SEARCH($C$2:$C$33,BE3))))>0,1,0))} -> 1 | BH3: {=IF(OR(BE3="",BE3=0),0,IF(SUMPRODUCT((ISNUMBER(SEARCH(BE3,$C$2:$C$33))+ISNUMBER(SEARCH($C$2:$C$33,BE3)))*($B$2:$B$33=$B3))>0,1,0))} -> 1 | BI3: {=_xlfn.LET(_xlpm.raw,'Other analyst '!P3,_xlpm.mockNames,'Colin''s Mock'!$D$2:$D$258,_xlpm.analystNames,_xlfn.TOCOL($E$2:$I$33),_xlpm.newNames,_xlfn.TOCOL('Other analyst '!$K$2:$R$33),_xlpm.allNames,_xlfn.VSTACK(_xlpm.mockNames,_xlpm.analystNames,_xlpm.newNames),_xlpm.matches,_xlfn._xlws.FILTER(_xlpm.allNames,ISNUMBER(SEARCH(_xlpm.allNames,_xlpm.raw))*(LEN(_xlpm.allNames)>3),""),IF(ISERROR(INDEX(_xlpm.matches,1)),_xlpm.raw,INDEX(_xlpm.matches,1)))} -> Arvell Reese | BJ3: =IF(OR(BI3="",BI3=0),0,IF(OR(ISNUMBER(SEARCH(BI3,$C3)),ISNUMBER(SEARCH($C3,BI3))),1,0)) -> 0 | BK3: {=IF(OR(BI3="",BI3=0),0,IF(SUMPRODUCT(--(ISNUMBER(SEARCH(BI3,$C$2:$C$33))+ISNUMBER(SEARCH($C$2:$C$33,BI3))))>0,1,0))} -> 1 | BL3: {=IF(OR(BI3="",BI3=0),0,IF(SUMPRODUCT((ISNUMBER(SEARCH(BI3,$C$2:$C$33))+ISNUMBER(SEARCH($C$2:$C$33,BI3)))*($B$2:$B$33=$B3))>0,1,0))} -> 0 | BM3: {=_xlfn.LET(_xlpm.raw,'Other analyst '!Q3,_xlpm.mockNames,'Colin''s Mock'!$D$2:$D$258,_xlpm.analystNames,_xlfn.TOCOL($E$2:$I$33),_xlpm.newNames,_xlfn.TOCOL('Other analyst '!$K$2:$R$33),_xlpm.allNames,_xlfn.VSTACK(_xlpm.mockNames,_xlpm.analystNames,_xlpm.newNames),_xlpm.matches,_xlfn._xlws.FILTER(_xlpm.allNames,ISNUMBER(SEARCH(_xlpm.allNames,_xlpm.raw))*(LEN(_xlpm.allNames)>3),""),IF(ISERROR(INDEX(_xlpm.matches,1)),_xlpm.raw,INDEX(_xlpm.matches,1)))} -> David Bailey | BN3: =IF(OR(BM3="",BM3=0),0,IF(OR(ISNUMBER(SEARCH(BM3,$C3)),ISNUMBER(SEARCH($C3,BM3))),1,0)) -> 1 | BO3: {=IF(OR(BM3="",BM3=0),0,IF(SUMPRODUCT(--(ISNUMBER(SEARCH(BM3,$C$2:$C$33))+ISNUMBER(SEARCH($C$2:$C$33,BM3))))>0,1,0))} -> 1 | BP3: {=IF(OR(BM3="",BM3=0),0,IF(SUMPRODUCT((ISNUMBER(SEARCH(BM3,$C$2:$C$33))+ISNUMBER(SEARCH($C$2:$C$33,BM3)))*($B$2:$B$33=$B3))>0,1,0))} -> 1 | BQ3: {=_xlfn.LET(_xlpm.raw,'Other analyst '!R3,_xlpm.mockNames,'Colin''s Mock'!$D$2:$D$258,_xlpm.analystNames,_xlfn.TOCOL($E$2:$I$33),_xlpm.newNames,_xlfn.TOCOL('Other analyst '!$K$2:$R$33),_xlpm.allNames,_xlfn.VSTACK(_xlpm.mockNames,_xlpm.analystNames,_xlpm.newNames),_xlpm.matches,_xlfn._xlws.FILTER(_xlpm.allNames,ISNUMBER(SEARCH(_xlpm.allNames,_xlpm.raw))*(LEN(_xlpm.allNames)>3),""),IF(ISERROR(INDEX(_xlpm.matches,1)),_xlpm.raw,INDEX(_xlpm.matches,1)))} -> David Bailey | BR3: =IF(OR(BQ3="",BQ3=0),0,IF(OR(ISNUMBER(SEARCH(BQ3,$C3)),ISNUMBER(SEARCH($C3,BQ3))),1,0)) -> 1 | BS3: {=IF(OR(BQ3="",BQ3=0),0,IF(SUMPRODUCT(--(ISNUMBER(SEARCH(BQ3,$C$2:$C$33))+ISNUMBER(SEARCH($C$2:$C$33,BQ3))))>0,1,0))} -> 1 | BT3: {=IF(OR(BQ3="",BQ3=0),0,IF(SUMPRODUCT((ISNUMBER(SEARCH(BQ3,$C$2:$C$33))+ISNUMBER(SEARCH($C$2:$C$33,BQ3)))*($B$2:$B$33=$B3))>0,1,0))} -> 1 | BU3: ='Colin Mock wTrade'!D3 -> David Bailey | BV3: =IF(BU3="",0,IF(OR(ISNUMBER(SEARCH(BU3,C3)),ISNUMBER(SEARCH(C3,BU3))),1,0)) -> 1 | BW3: {=IF(BU3="",0,IF(SUMPRODUCT(--(ISNUMBER(SEARCH(BU3,$C$2:$C$33))+ISNUMBER(SEARCH($C$2:$C$33,BU3))))>0,1,0))} -> 1 | BX3: {=IF(BU3="",0,IFERROR(IF(SUMPRODUCT((ISNUMBER(SEARCH(BU3,$C$2:$C$33))+ISNUMBER(SEARCH($C$2:$C$33,BU3)))*($B$2:$B$33=VLOOKUP('Colin Mock wTrade'!C3,$CA$1:$CB$32,2,FALSE)))>0,1,0),0))} -> 1 | CA3: ARI | CB3: Cardinals | CC3: ='Other analyst '!S3 -> David Bailey | CD3: =IF(CC3="",0,IF(OR(ISNUMBER(SEARCH(CC3,C3)),ISNUMBER(SEARCH(C3,CC3))),1,0)) -> 1 | CE3: {=IF(CC3="",0,IF(SUMPRODUCT(--(ISNUMBER(SEARCH(CC3,$C$2:$C$33))+ISNUMBER(SEARCH($C$2:$C$33,CC3))))>0,1,0))} -> 1 | CF3: {=IF(CC3="",0,IF(SUMPRODUCT((ISNUMBER(SEARCH(CC3,$C$2:$C$33))+ISNUMBER(SEARCH($C$2:$C$33,CC3)))*($B$2:$B$33=$B3))>0,1,0))} -> 1 | CG3: ='Other analyst '!T3 -> Arvell Reese | CH3: =IF(CG3="",0,IF(OR(ISNUMBER(SEARCH(CG3,C3)),ISNUMBER(SEARCH(C3,CG3))),1,0)) -> 0 | CI3: {=IF(CG3="",0,IF(SUMPRODUCT(--(ISNUMBER(SEARCH(CG3,$C$2:$C$33))+ISNUMBER(SEARCH($C$2:$C$33,CG3))))>0,1,0))} -> 1 | CJ3: {=IF(CG3="",0,IF(SUMPRODUCT((ISNUMBER(SEARCH(CG3,$C$2:$C$33))+ISNUMBER(SEARCH($C$2:$C$33,CG3)))*($B$2:$B$33=$B3))>0,1,0))} -> 0 | CK3: ='Other analyst '!U3 -> Arvell Reese | CL3: =IF(CK3="",0,IF(OR(ISNUMBER(SEARCH(CK3,C3)),ISNUMBER(SEARCH(C3,CK3))),1,0)) -> 0 | CM3: {=IF(CK3="",0,IF(SUMPRODUCT(--(ISNUMBER(SEARCH(CK3,$C$2:$C$33))+ISNUMBER(SEARCH($C$2:$C$33,CK3))))>0,1,0))} -> 1 | CN3: {=IF(CK3="",0,IF(SUMPRODUCT((ISNUMBER(SEARCH(CK3,$C$2:$C$33))+ISNUMBER(SEARCH($C$2:$C$33,CK3)))*($B$2:$B$33=$B3))>0,1,0))} -> 0 | CO3: ='Other analyst '!V3 -> Fernando Mendoza | CP3: =IF(CO3="",0,IF(OR(ISNUMBER(SEARCH(CO3,C3)),ISNUMBER(SEARCH(C3,CO3))),1,0)) -> 0 | CQ3: {=IF(CO3="",0,IF(SUMPRODUCT(--(ISNUMBER(SEARCH(CO3,$C$2:$C$33))+ISNUMBER(SEARCH($C$2:$C$33,CO3))))>0,1,0))} -> 1 | CR3: {=IF(CO3="",0,IF(SUMPRODUCT((ISNUMBER(SEARCH(CO3,$C$2:$C$33))+ISNUMBER(SEARCH($C$2:$C$33,CO3)))*($B$2:$B$33=$B3))>0,1,0))} -> 0 | CS3: ='Other analyst '!W3 -> David Bailey | CT3: =IF(CS3="",0,IF(OR(ISNUMBER(SEARCH(CS3,C3)),ISNUMBER(SEARCH(C3,CS3))),1,0)) -> 1 | CU3: {=IF(CS3="",0,IF(SUMPRODUCT(--(ISNUMBER(SEARCH(CS3,$C$2:$C$33))+ISNUMBER(SEARCH($C$2:$C$33,CS3))))>0,1,0))} -> 1 | CV3: {=IF(CS3="",0,IFERROR(IF(SUMPRODUCT((ISNUMBER(SEARCH(CS3,$C$2:$C$33))+ISNUMBER(SEARCH($C$2:$C$33,CS3)))*(ISNUMBER(SEARCH($B$2:$B$33,'Other analyst '!B3))+ISNUMBER(SEARCH('Other analyst '!B3,$B$2:$B$33))))>0,1,0),0))} -> 1 | CW3: ='Other analyst '!AD3 -> David Bailey | CX3: =IF(CW3="",0,IF(OR(ISNUMBER(SEARCH(CW3,C3)),ISNUMBER(SEARCH(C3,CW3))),1,0)) -> 1 | CY3: {=IF(CW3="",0,IF(SUMPRODUCT(--(ISNUMBER(SEARCH(CW3,$C$2:$C$33))+ISNUMBER(SEARCH($C$2:$C$33,CW3))))>0,1,0))} -> 1 | CZ3: {=IF(CW3="",0,IF(SUMPRODUCT((ISNUMBER(SEARCH(CW3,$C$2:$C$33))+ISNUMBER(SEARCH($C$2:$C$33,CW3)))*($B$2:$B$33=$B3))>0,1,0))} -> 1 | DA3: ='Other analyst '!AE3 -> Arvell Reese | DB3: =IF(DA3="",0,IF(OR(ISNUMBER(SEARCH(DA3,C3)),ISNUMBER(SEARCH(C3,DA3))),1,0)) -> 0 | DC3: {=IF(DA3="",0,IF(SUMPRODUCT(--(ISNUMBER(SEARCH(DA3,$C$2:$C$33))+ISNUMBER(SEARCH($C$2:$C$33,DA3))))>0,1,0))} -> 1 | DD3: {=IF(DA3="",0,IF(SUMPRODUCT((ISNUMBER(SEARCH(DA3,$C$2:$C$33))+ISNUMBER(SEARCH($C$2:$C$33,DA3)))*($B$2:$B$33=$B3))>0,1,0))} -> 0 | DE3: ='Other analyst '!AF3 -> David Bailey | DF3: =IF(DE3="",0,IF(OR(ISNUMBER(SEARCH(DE3,C3)),ISNUMBER(SEARCH(C3,DE3))),1,0)) -> 1 | DG3: {=IF(DE3="",0,IF(SUMPRODUCT(--(ISNUMBER(SEARCH(DE3,$C$2:$C$33))+ISNUMBER(SEARCH($C$2:$C$33,DE3))))>0,1,0))} -> 1 | DH3: {=IF(DE3="",0,IF(SUMPRODUCT((ISNUMBER(SEARCH(DE3,$C$2:$C$33))+ISNUMBER(SEARCH($C$2:$C$33,DE3)))*($B$2:$B$33=$B3))>0,1,0))} -> 1 | DI3: ='Other analyst '!AG3 -> David Bailey | DJ3: =IF(DI3="",0,IF(OR(ISNUMBER(SEARCH(DI3,C3)),ISNUMBER(SEARCH(C3,DI3))),1,0)) -> 1 | DK3: {=IF(DI3="",0,IF(SUMPRODUCT(--(ISNUMBER(SEARCH(DI3,$C$2:$C$33))+ISNUMBER(SEARCH($C$2:$C$33,DI3))))>0,1,0))} -> 1 | DL3: {=IF(DI3="",0,IF(SUMPRODUCT((ISNUMBER(SEARCH(DI3,$C$2:$C$33))+ISNUMBER(SEARCH($C$2:$C$33,DI3)))*($B$2:$B$33=$B3))>0,1,0))} -> 1 | DM3: ='Other analyst '!AB3 -> David Bailey | DN3: =IF(DM3="",0,IF(OR(ISNUMBER(SEARCH(DM3,C3)),ISNUMBER(SEARCH(C3,DM3))),1,0)) -> 1 | DO3: {=IF(DM3="",0,IF(SUMPRODUCT(--(ISNUMBER(SEARCH(DM3,$C$2:$C$33))+ISNUMBER(SEARCH($C$2:$C$33,DM3))))>0,1,0))} -> 1 | DP3: {=IF(DM3="",0,IFERROR(IF(SUMPRODUCT((ISNUMBER(SEARCH(DM3,$C$2:$C$33))+ISNUMBER(SEARCH($C$2:$C$33,DM3)))*(ISNUMBER(SEARCH($B$2:$B$33,'Other analyst '!B3))+ISNUMBER(SEARCH('Other analyst '!B3,$B$2:$B$33))))>0,1,0),0))} -> 1 | DQ3: ='Other analyst '!AC3 -> Arvell Reese | DR3: =IF(DQ3="",0,IF(OR(ISNUMBER(SEARCH(DQ3,C3)),ISNUMBER(SEARCH(C3,DQ3))),1,0)) -> 0 | DS3: {=IF(DQ3="",0,IF(SUMPRODUCT(--(ISNUMBER(SEARCH(DQ3,$C$2:$C$33))+ISNUMBER(SEARCH($C$2:$C$33,DQ3))))>0,1,0))} -> 1 | DT3: {=IF(DQ3="",0,IFERROR(IF(SUMPRODUCT((ISNUMBER(SEARCH(DQ3,$C$2:$C$33))+ISNUMBER(SEARCH($C$2:$C$33,DQ3)))*(ISNUMBER(SEARCH($B$2:$B$33,'Other analyst '!B3))+ISNUMBER(SEARCH('Other analyst '!B3,$B$2:$B$33))))>0,1,0),0))} -> 0 | DU3: =IFERROR(TRIM(LEFT(IF(ISNUMBER(SEARCH("]",'Other analyst '!X3)),MID('Other analyst '!X3,SEARCH("]",'Other analyst '!X3)+1,200),'Other analyst '!X3),IFERROR(SEARCH(" (",IF(ISNUMBER(SEARCH("]",'Other analyst '!X3)),MID('Other analyst '!X3,SEARCH("]",'Other analyst '!X3)+1,200),'Other analyst '!X3))-1,LEN('Other analyst '!X3)))),"") -> David Bailey | DV3: =IF(DU3="",0,IF(OR(ISNUMBER(SEARCH(DU3,C3)),ISNUMBER(SEARCH(C3,DU3))),1,0)) -> 1 | DW3: {=IF(DU3="",0,IF(SUMPRODUCT((ISNUMBER(SEARCH(DU3,$C$2:$C$33))+ISNUMBER(SEARCH($C$2:$C$33,DU3))))>0,1,0))} -> 1 | DX3: 0 | DY3: =IFERROR(TRIM(LEFT(IF(ISNUMBER(SEARCH("]",'Other analyst '!Y3)),MID('Other analyst '!Y3,SEARCH("]",'Other analyst '!Y3)+1,200),'Other analyst '!Y3),IFERROR(SEARCH(" (",IF(ISNUMBER(SEARCH("]",'Other analyst '!Y3)),MID('Other analyst '!Y3,SEARCH("]",'Other analyst '!Y3)+1,200),'Other analyst '!Y3))-1,LEN('Other analyst '!Y3)))),"") -> David Bailey | DZ3: =IF(DY3="",0,IF(OR(ISNUMBER(SEARCH(DY3,C3)),ISNUMBER(SEARCH(C3,DY3))),1,0)) -> 1 | EA3: {=IF(DY3="",0,IF(SUMPRODUCT((ISNUMBER(SEARCH(DY3,$C$2:$C$33))+ISNUMBER(SEARCH($C$2:$C$33,DY3))))>0,1,0))} -> 1 | EB3: 0 | EC3: =IFERROR(TRIM(LEFT(IF(ISNUMBER(SEARCH("]",'Other analyst '!Z3)),MID('Other analyst '!Z3,SEARCH("]",'Other analyst '!Z3)+1,200),'Other analyst '!Z3),IFERROR(SEARCH(" (",IF(ISNUMBER(SEARCH("]",'Other analyst '!Z3)),MID('Other analyst '!Z3,SEARCH("]",'Other analyst '!Z3)+1,200),'Other analyst '!Z3))-1,LEN('Other analyst '!Z3)))),"") -> Arvell Reese | ED3: =IF(EC3="",0,IF(OR(ISNUMBER(SEARCH(EC3,C3)),ISNUMBER(SEARCH(C3,EC3))),1,0)) -> 0 | EE3: {=IF(EC3="",0,IF(SUMPRODUCT((ISNUMBER(SEARCH(EC3,$C$2:$C$33))+ISNUMBER(SEARCH($C$2:$C$33,EC3))))>0,1,0))} -> 1 | EF3: 0 | EG3: =IFERROR(TRIM(LEFT(IF(ISNUMBER(SEARCH("]",'Other analyst '!AA3)),MID('Other analyst '!AA3,SEARCH("]",'Other analyst '!AA3)+1,200),'Other analyst '!AA3),IFERROR(SEARCH(" (",IF(ISNUMBER(SEARCH("]",'Other analyst '!AA3)),MID('Other analyst '!AA3,SEARCH("]",'Other analyst '!AA3)+1,200),'Other analyst '!AA3))-1,LEN('Other analyst '!AA3)))),"") -> David Bailey | EH3: =IF(EG3="",0,IF(OR(ISNUMBER(SEARCH(EG3,C3)),ISNUMBER(SEARCH(C3,EG3))),1,0)) -> 1 | EI3: {=IF(EG3="",0,IF(SUMPRODUCT((ISNUMBER(SEARCH(EG3,$C$2:$C$33))+ISNUMBER(SEARCH($C$2:$C$33,EG3))))>0,1,0))} -> 1 | EJ3: 0 | EK3: =K3+L3+M3+N3+O3+P3+AF3+AI3+AL3+AP3+AT3+AX3+BB3+BF3+BJ3+BN3+BR3+BV3+CD3+CH3+CL3+CP3+CT3+DV3+DZ3+ED3+EH3+DN3+DR3+CX3+DB3+DF3+DJ3 -> 23
A4: 3 | B4: ='Actual nfl first round'!C4 -> Cardinals | C4: {=_xlfn.LET(_xlpm.actual, 'Actual nfl first round'!D4, _xlpm.analystNames, _xlfn.TOCOL($E$2:$I$33), _xlpm.mockNames, 'Colin''s Mock'!$D$2:$D$258, _xlpm.allNames, _xlfn.VSTACK(_xlpm.analystNames, _xlpm.mockNames), _xlpm.matches, _xlfn._xlws.FILTER(_xlpm.allNames, ISNUMBER(SEARCH(_xlpm.allNames, _xlpm.actual))*(LEN(_xlpm.allNames)>3), ""), IF(ISERROR(INDEX(_xlpm.matches,1)), _xlpm.actual, INDEX(_xlpm.matches,1)))} -> Jeremiyah Love | D4: ='Colin''s Mock'!D4 -> Arvell Reese | E4: =_xlfn.LET(_xlpm.raw, 'Other analyst '!C4, _xlpm.s, IF(LEFT(_xlpm.raw,1)="[", MID(_xlpm.raw, FIND("] ",_xlpm.raw)+2, 999), _xlpm.raw), IFERROR(TRIM(LEFT(_xlpm.s, FIND(" (",_xlpm.s)-1)), _xlpm.raw)) -> Jeremiyah Love | F4: =_xlfn.LET(_xlpm.raw, 'Other analyst '!D4, _xlpm.s, IF(LEFT(_xlpm.raw,1)="[", MID(_xlpm.raw, FIND("] ",_xlpm.raw)+2, 999), _xlpm.raw), IFERROR(TRIM(LEFT(_xlpm.s, FIND(" (",_xlpm.s)-1)), _xlpm.raw)) -> Arvell Reese | G4: =_xlfn.LET(_xlpm.raw, 'Other analyst '!E4, _xlpm.s, IF(LEFT(_xlpm.raw,1)="[", MID(_xlpm.raw, FIND("] ",_xlpm.raw)+2, 999), _xlpm.raw), IFERROR(TRIM(LEFT(_xlpm.s, FIND(" (",_xlpm.s)-1)), _xlpm.raw)) -> Jeremiyah Love | H4: =_xlfn.LET(_xlpm.raw, 'Other analyst '!F4, _xlpm.s, IF(LEFT(_xlpm.raw,1)="[", MID(_xlpm.raw, FIND("] ",_xlpm.raw)+2, 999), _xlpm.raw), IFERROR(TRIM(LEFT(_xlpm.s, FIND(" (",_xlpm.s)-1)), _xlpm.raw)) -> Arvell Reese | I4: =_xlfn.LET(_xlpm.raw, 'Other analyst '!G4, _xlpm.s, IF(LEFT(_xlpm.raw,1)="[", MID(_xlpm.raw, FIND("] ",_xlpm.raw)+2, 999), _xlpm.raw), IFERROR(TRIM(LEFT(_xlpm.s, FIND(" (",_xlpm.s)-1)), _xlpm.raw)) -> Francis Mauigoa | K4: =IF(OR(D4="", C4=""), 0, IF(OR(EXACT(TRIM(D4),TRIM(C4)), ISNUMBER(SEARCH(D4, C4)), ISNUMBER(SEARCH(C4, D4))), 1, 0)) -> 0 | L4: =IF(OR(E4="", C4=""), 0, IF(OR(EXACT(TRIM(E4),TRIM(C4)), ISNUMBER(SEARCH(E4, C4)), ISNUMBER(SEARCH(C4, E4))), 1, 0)) -> 1 | M4: =IF(OR(F4="", C4=""), 0, IF(OR(EXACT(TRIM(F4),TRIM(C4)), ISNUMBER(SEARCH(F4, C4)), ISNUMBER(SEARCH(C4, F4))), 1, 0)) -> 0 | N4: =IF(OR(G4="", C4=""), 0, IF(OR(EXACT(TRIM(G4),TRIM(C4)), ISNUMBER(SEARCH(G4, C4)), ISNUMBER(SEARCH(C4, G4))), 1, 0)) -> 1 | O4: =IF(OR(H4="", C4=""), 0, IF(OR(EXACT(TRIM(H4),TRIM(C4)), ISNUMBER(SEARCH(H4, C4)), ISNUMBER(SEARCH(C4, H4))), 1, 0)) -> 0 | P4: =IF(OR(I4="", C4=""), 0, IF(OR(EXACT(TRIM(I4),TRIM(C4)), ISNUMBER(SEARCH(I4, C4)), ISNUMBER(SEARCH(C4, I4))), 1, 0)) -> 0 | Q4: {=IF(D4="", 0, IF(SUMPRODUCT(--(ISNUMBER(SEARCH(D4, $C$2:$C$33)) + ISNUMBER(SEARCH($C$2:$C$33, D4))))>0, 1, 0))} -> 1 | R4: {=IF(E4="", 0, IF(SUMPRODUCT(--(ISNUMBER(SEARCH(E4, $C$2:$C$33)) + ISNUMBER(SEARCH($C$2:$C$33, E4))))>0, 1, 0))} -> 1 | S4: {=IF(F4="", 0, IF(SUMPRODUCT(--(ISNUMBER(SEARCH(F4, $C$2:$C$33)) + ISNUMBER(SEARCH($C$2:$C$33, F4))))>0, 1, 0))} -> 1 | T4: {=IF(G4="", 0, IF(SUMPRODUCT(--(ISNUMBER(SEARCH(G4, $C$2:$C$33)) + ISNUMBER(SEARCH($C$2:$C$33, G4))))>0, 1, 0))} -> 1 | U4: {=IF(H4="", 0, IF(SUMPRODUCT(--(ISNUMBER(SEARCH(H4, $C$2:$C$33)) + ISNUMBER(SEARCH($C$2:$C$33, H4))))>0, 1, 0))} -> 1 | V4: {=IF(I4="", 0, IF(SUMPRODUCT(--(ISNUMBER(SEARCH(I4, $C$2:$C$33)) + ISNUMBER(SEARCH($C$2:$C$33, I4))))>0, 1, 0))} -> 1 | W4: {=IF(D4="",0,IF(SUMPRODUCT((ISNUMBER(SEARCH(D4,$C$2:$C$33))+ISNUMBER(SEARCH($C$2:$C$33,D4)))*($B$2:$B$33=$B4))>0,1,0))} -> 0 | X4: {=IF(E4="",0,IF(SUMPRODUCT((ISNUMBER(SEARCH(E4,$C$2:$C$33))+ISNUMBER(SEARCH($C$2:$C$33,E4)))*($B$2:$B$33=$B4))>0,1,0))} -> 1 | Y4: {=IF(F4="",0,IF(SUMPRODUCT((ISNUMBER(SEARCH(F4,$C$2:$C$33))+ISNUMBER(SEARCH($C$2:$C$33,F4)))*($B$2:$B$33=$B4))>0,1,0))} -> 0 | Z4: {=IF(G4="",0,IF(SUMPRODUCT((ISNUMBER(SEARCH(G4,$C$2:$C$33))+ISNUMBER(SEARCH($C$2:$C$33,G4)))*($B$2:$B$33=$B4))>0,1,0))} -> 1 | AA4: {=IF(H4="",0,IF(SUMPRODUCT((ISNUMBER(SEARCH(H4,$C$2:$C$33))+ISNUMBER(SEARCH($C$2:$C$33,H4)))*($B$2:$B$33=$B4))>0,1,0))} -> 0 | AB4: {=IF(I4="",0,IF(SUMPRODUCT((ISNUMBER(SEARCH(I4,$C$2:$C$33))+ISNUMBER(SEARCH($C$2:$C$33,I4)))*($B$2:$B$33=$B4))>0,1,0))} -> 0 | AC4: Arvell Reese | AD4: Arvell Reese | AE4: David Bailey | AF4: =IF(AC4="",0,IF((ISNUMBER(SEARCH(AC4,C4))+ISNUMBER(SEARCH(C4,AC4)))>0,1,0)) -> 0 | AG4: {=IF(AC4="",0,IF(SUMPRODUCT((ISNUMBER(SEARCH(AC4,$C$2:$C$33))+ISNUMBER(SEARCH($C$2:$C$33,AC4))))>0,1,0))} -> 1 | AH4: {=IF(AC4="",0,IF(SUMPRODUCT((ISNUMBER(SEARCH(AC4,$C$2:$C$33))+ISNUMBER(SEARCH($C$2:$C$33,AC4)))*($B$2:$B$33=$B4))>0,1,0))} -> 0 | AI4: =IF(AD4="",0,IF((ISNUMBER(SEARCH(AD4,C4))+ISNUMBER(SEARCH(C4,AD4)))>0,1,0)) -> 0 | AJ4: {=IF(AD4="",0,IF(SUMPRODUCT((ISNUMBER(SEARCH(AD4,$C$2:$C$33))+ISNUMBER(SEARCH($C$2:$C$33,AD4))))>0,1,0))} -> 1 | AK4: {=IF(AD4="",0,IF(SUMPRODUCT((ISNUMBER(SEARCH(AD4,$C$2:$C$33))+ISNUMBER(SEARCH($C$2:$C$33,AD4)))*($B$2:$B$33=$B4))>0,1,0))} -> 0 | AL4: =IF(AE4="",0,IF((ISNUMBER(SEARCH(AE4,C4))+ISNUMBER(SEARCH(C4,AE4)))>0,1,0)) -> 0 | AM4: {=IF(AE4="",0,IF(SUMPRODUCT((ISNUMBER(SEARCH(AE4,$C$2:$C$33))+ISNUMBER(SEARCH($C$2:$C$33,AE4))))>0,1,0))} -> 1 | AN4: {=IF(AE4="",0,IF(SUMPRODUCT((ISNUMBER(SEARCH(AE4,$C$2:$C$33))+ISNUMBER(SEARCH($C$2:$C$33,AE4)))*($B$2:$B$33=$B4))>0,1,0))} -> 0 | AO4: {=_xlfn.LET(_xlpm.raw,'Other analyst '!K4,_xlpm.mockNames,'Colin''s Mock'!$D$2:$D$258,_xlpm.analystNames,_xlfn.TOCOL($E$2:$I$33),_xlpm.newNames,_xlfn.TOCOL('Other analyst '!$K$2:$R$33),_xlpm.allNames,_xlfn.VSTACK(_xlpm.mockNames,_xlpm.analystNames,_xlpm.newNames),_xlpm.matches,_xlfn._xlws.FILTER(_xlpm.allNames,ISNUMBER(SEARCH(_xlpm.allNames,_xlpm.raw))*(LEN(_xlpm.allNames)>3),""),IF(ISERROR(INDEX(_xlpm.matches,1)),_xlpm.raw,INDEX(_xlpm.matches,1)))} -> Jeremiyah Love | AP4: =IF(OR(AO4="",AO4=0),0,IF(OR(ISNUMBER(SEARCH(AO4,$C4)),ISNUMBER(SEARCH($C4,AO4))),1,0)) -> 1 | AQ4: {=IF(OR(AO4="",AO4=0),0,IF(SUMPRODUCT(--(ISNUMBER(SEARCH(AO4,$C$2:$C$33))+ISNUMBER(SEARCH($C$2:$C$33,AO4))))>0,1,0))} -> 1 | AR4: {=IF(OR(AO4="",AO4=0),0,IF(SUMPRODUCT((ISNUMBER(SEARCH(AO4,$C$2:$C$33))+ISNUMBER(SEARCH($C$2:$C$33,AO4)))*($B$2:$B$33=$B4))>0,1,0))} -> 1 | AS4: {=_xlfn.LET(_xlpm.raw,'Other analyst '!L4,_xlpm.mockNames,'Colin''s Mock'!$D$2:$D$258,_xlpm.analystNames,_xlfn.TOCOL($E$2:$I$33),_xlpm.newNames,_xlfn.TOCOL('Other analyst '!$K$2:$R$33),_xlpm.allNames,_xlfn.VSTACK(_xlpm.mockNames,_xlpm.analystNames,_xlpm.newNames),_xlpm.matches,_xlfn._xlws.FILTER(_xlpm.allNames,ISNUMBER(SEARCH(_xlpm.allNames,_xlpm.raw))*(LEN(_xlpm.allNames)>3),""),IF(ISERROR(INDEX(_xlpm.matches,1)),_xlpm.raw,INDEX(_xlpm.matches,1)))} -> Arvell Reese | AT4: =IF(OR(AS4="",AS4=0),0,IF(OR(ISNUMBER(SEARCH(AS4,$C4)),ISNUMBER(SEARCH($C4,AS4))),1,0)) -> 0 | AU4: {=IF(OR(AS4="",AS4=0),0,IF(SUMPRODUCT(--(ISNUMBER(SEARCH(AS4,$C$2:$C$33))+ISNUMBER(SEARCH($C$2:$C$33,AS4))))>0,1,0))} -> 1 | AV4: {=IF(OR(AS4="",AS4=0),0,IF(SUMPRODUCT((ISNUMBER(SEARCH(AS4,$C$2:$C$33))+ISNUMBER(SEARCH($C$2:$C$33,AS4)))*($B$2:$B$33=$B4))>0,1,0))} -> 0 | AW4: {=_xlfn.LET(_xlpm.raw,'Other analyst '!M4,_xlpm.mockNames,'Colin''s Mock'!$D$2:$D$258,_xlpm.analystNames,_xlfn.TOCOL($E$2:$I$33),_xlpm.newNames,_xlfn.TOCOL('Other analyst '!$K$2:$R$33),_xlpm.allNames,_xlfn.VSTACK(_xlpm.mockNames,_xlpm.analystNames,_xlpm.newNames),_xlpm.matches,_xlfn._xlws.FILTER(_xlpm.allNames,ISNUMBER(SEARCH(_xlpm.allNames,_xlpm.raw))*(LEN(_xlpm.allNames)>3),""),IF(ISERROR(INDEX(_xlpm.matches,1)),_xlpm.raw,INDEX(_xlpm.matches,1)))} -> Jeremiyah Love | AX4: =IF(OR(AW4="",AW4=0),0,IF(OR(ISNUMBER(SEARCH(AW4,$C4)),ISNUMBER(SEARCH($C4,AW4))),1,0)) -> 1 | AY4: {=IF(OR(AW4="",AW4=0),0,IF(SUMPRODUCT(--(ISNUMBER(SEARCH(AW4,$C$2:$C$33))+ISNUMBER(SEARCH($C$2:$C$33,AW4))))>0,1,0))} -> 1 | AZ4: {=IF(OR(AW4="",AW4=0),0,IF(SUMPRODUCT((ISNUMBER(SEARCH(AW4,$C$2:$C$33))+ISNUMBER(SEARCH($C$2:$C$33,AW4)))*($B$2:$B$33=$B4))>0,1,0))} -> 1 | BA4: {=_xlfn.LET(_xlpm.raw,'Other analyst '!N4,_xlpm.mockNames,'Colin''s Mock'!$D$2:$D$258,_xlpm.analystNames,_xlfn.TOCOL($E$2:$I$33),_xlpm.newNames,_xlfn.TOCOL('Other analyst '!$K$2:$R$33),_xlpm.allNames,_xlfn.VSTACK(_xlpm.mockNames,_xlpm.analystNames,_xlpm.newNames),_xlpm.matches,_xlfn._xlws.FILTER(_xlpm.allNames,ISNUMBER(SEARCH(_xlpm.allNames,_xlpm.raw))*(LEN(_xlpm.allNames)>3),""),IF(ISERROR(INDEX(_xlpm.matches,1)),_xlpm.raw,INDEX(_xlpm.matches,1)))} -> Jeremiyah Love | BB4: =IF(OR(BA4="",BA4=0),0,IF(OR(ISNUMBER(SEARCH(BA4,$C4)),ISNUMBER(SEARCH($C4,BA4))),1,0)) -> 1 | BC4: {=IF(OR(BA4="",BA4=0),0,IF(SUMPRODUCT(--(ISNUMBER(SEARCH(BA4,$C$2:$C$33))+ISNUMBER(SEARCH($C$2:$C$33,BA4))))>0,1,0))} -> 1 | BD4: {=IF(OR(BA4="",BA4=0),0,IF(SUMPRODUCT((ISNUMBER(SEARCH(BA4,$C$2:$C$33))+ISNUMBER(SEARCH($C$2:$C$33,BA4)))*($B$2:$B$33=$B4))>0,1,0))} -> 1 | BE4: {=_xlfn.LET(_xlpm.raw,'Other analyst '!O4,_xlpm.mockNames,'Colin''s Mock'!$D$2:$D$258,_xlpm.analystNames,_xlfn.TOCOL($E$2:$I$33),_xlpm.newNames,_xlfn.TOCOL('Other analyst '!$K$2:$R$33),_xlpm.allNames,_xlfn.VSTACK(_xlpm.mockNames,_xlpm.analystNames,_xlpm.newNames),_xlpm.matches,_xlfn._xlws.FILTER(_xlpm.allNames,ISNUMBER(SEARCH(_xlpm.allNames,_xlpm.raw))*(LEN(_xlpm.allNames)>3),""),IF(ISERROR(INDEX(_xlpm.matches,1)),_xlpm.raw,INDEX(_xlpm.matches,1)))} -> Arvell Reese | BF4: =IF(OR(BE4="",BE4=0),0,IF(OR(ISNUMBER(SEARCH(BE4,$C4)),ISNUMBER(SEARCH($C4,BE4))),1,0)) -> 0 | BG4: {=IF(OR(BE4="",BE4=0),0,IF(SUMPRODUCT(--(ISNUMBER(SEARCH(BE4,$C$2:$C$33))+ISNUMBER(SEARCH($C$2:$C$33,BE4))))>0,1,0))} -> 1 | BH4: {=IF(OR(BE4="",BE4=0),0,IF(SUMPRODUCT((ISNUMBER(SEARCH(BE4,$C$2:$C$33))+ISNUMBER(SEARCH($C$2:$C$33,BE4)))*($B$2:$B$33=$B4))>0,1,0))} -> 0 | BI4: {=_xlfn.LET(_xlpm.raw,'Other analyst '!P4,_xlpm.mockNames,'Colin''s Mock'!$D$2:$D$258,_xlpm.analystNames,_xlfn.TOCOL($E$2:$I$33),_xlpm.newNames,_xlfn.TOCOL('Other analyst '!$K$2:$R$33),_xlpm.allNames,_xlfn.VSTACK(_xlpm.mockNames,_xlpm.analystNames,_xlpm.newNames),_xlpm.matches,_xlfn._xlws.FILTER(_xlpm.allNames,ISNUMBER(SEARCH(_xlpm.allNames,_xlpm.raw))*(LEN(_xlpm.allNames)>3),""),IF(ISERROR(INDEX(_xlpm.matches,1)),_xlpm.raw,INDEX(_xlpm.matches,1)))} -> David Bailey | BJ4: =IF(OR(BI4="",BI4=0),0,IF(OR(ISNUMBER(SEARCH(BI4,$C4)),ISNUMBER(SEARCH($C4,BI4))),1,0)) -> 0 | BK4: {=IF(OR(BI4="",BI4=0),0,IF(SUMPRODUCT(--(ISNUMBER(SEARCH(BI4,$C$2:$C$33))+ISNUMBER(SEARCH($C$2:$C$33,BI4))))>0,1,0))} -> 1 | BL4: {=IF(OR(BI4="",BI4=0),0,IF(SUMPRODUCT((ISNUMBER(SEARCH(BI4,$C$2:$C$33))+ISNUMBER(SEARCH($C$2:$C$33,BI4)))*($B$2:$B$33=$B4))>0,1,0))} -> 0 | BM4: {=_xlfn.LET(_xlpm.raw,'Other analyst '!Q4,_xlpm.mockNames,'Colin''s Mock'!$D$2:$D$258,_xlpm.analystNames,_xlfn.TOCOL($E$2:$I$33),_xlpm.newNames,_xlfn.TOCOL('Other analyst '!$K$2:$R$33),_xlpm.allNames,_xlfn.VSTACK(_xlpm.mockNames,_xlpm.analystNames,_xlpm.newNames),_xlpm.matches,_xlfn._xlws.FILTER(_xlpm.allNames,ISNUMBER(SEARCH(_xlpm.allNames,_xlpm.raw))*(LEN(_xlpm.allNames)>3),""),IF(ISERROR(INDEX(_xlpm.matches,1)),_xlpm.raw,INDEX(_xlpm.matches,1)))} -> Jeremiyah Love | BN4: =IF(OR(BM4="",BM4=0),0,IF(OR(ISNUMBER(SEARCH(BM4,$C4)),ISNUMBER(SEARCH($C4,BM4))),1,0)) -> 1 | BO4: {=IF(OR(BM4="",BM4=0),0,IF(SUMPRODUCT(--(ISNUMBER(SEARCH(BM4,$C$2:$C$33))+ISNUMBER(SEARCH($C$2:$C$33,BM4))))>0,1,0))} -> 1 | BP4: {=IF(OR(BM4="",BM4=0),0,IF(SUMPRODUCT((ISNUMBER(SEARCH(BM4,$C$2:$C$33))+ISNUMBER(SEARCH($C$2:$C$33,BM4)))*($B$2:$B$33=$B4))>0,1,0))} -> 1 | BQ4: {=_xlfn.LET(_xlpm.raw,'Other analyst '!R4,_xlpm.mockNames,'Colin''s Mock'!$D$2:$D$258,_xlpm.analystNames,_xlfn.TOCOL($E$2:$I$33),_xlpm.newNames,_xlfn.TOCOL('Other analyst '!$K$2:$R$33),_xlpm.allNames,_xlfn.VSTACK(_xlpm.mockNames,_xlpm.analystNames,_xlpm.newNames),_xlpm.matches,_xlfn._xlws.FILTER(_xlpm.allNames,ISNUMBER(SEARCH(_xlpm.allNames,_xlpm.raw))*(LEN(_xlpm.allNames)>3),""),IF(ISERROR(INDEX(_xlpm.matches,1)),_xlpm.raw,INDEX(_xlpm.matches,1)))} -> Arvell Reese | BR4: =IF(OR(BQ4="",BQ4=0),0,IF(OR(ISNUMBER(SEARCH(BQ4,$C4)),ISNUMBER(SEARCH($C4,BQ4))),1,0)) -> 0 | BS4: {=IF(OR(BQ4="",BQ4=0),0,IF(SUMPRODUCT(--(ISNUMBER(SEARCH(BQ4,$C$2:$C$33))+ISNUMBER(SEARCH($C$2:$C$33,BQ4))))>0,1,0))} -> 1 | BT4: {=IF(OR(BQ4="",BQ4=0),0,IF(SUMPRODUCT((ISNUMBER(SEARCH(BQ4,$C$2:$C$33))+ISNUMBER(SEARCH($C$2:$C$33,BQ4)))*($B$2:$B$33=$B4))>0,1,0))} -> 0 | BU4: ='Colin Mock wTrade'!D4 -> Arvell Reese | BV4: =IF(BU4="",0,IF(OR(ISNUMBER(SEARCH(BU4,C4)),ISNUMBER(SEARCH(C4,BU4))),1,0)) -> 0 | BW4: {=IF(BU4="",0,IF(SUMPRODUCT(--(ISNUMBER(SEARCH(BU4,$C$2:$C$33))+ISNUMBER(SEARCH($C$2:$C$33,BU4))))>0,1,0))} -> 1 | BX4: {=IF(BU4="",0,IFERROR(IF(SUMPRODUCT((ISNUMBER(SEARCH(BU4,$C$2:$C$33))+ISNUMBER(SEARCH($C$2:$C$33,BU4)))*($B$2:$B$33=VLOOKUP('Colin Mock wTrade'!C4,$CA$1:$CB$32,2,FALSE)))>0,1,0),0))} -> 0 | CA4: TEN | CB4: Titans | CC4: ='Other analyst '!S4 -> Arvell Reese | CD4: =IF(CC4="",0,IF(OR(ISNUMBER(SEARCH(CC4,C4)),ISNUMBER(SEARCH(C4,CC4))),1,0)) -> 0 | CE4: {=IF(CC4="",0,IF(SUMPRODUCT(--(ISNUMBER(SEARCH(CC4,$C$2:$C$33))+ISNUMBER(SEARCH($C$2:$C$33,CC4))))>0,1,0))} -> 1 | CF4: {=IF(CC4="",0,IF(SUMPRODUCT((ISNUMBER(SEARCH(CC4,$C$2:$C$33))+ISNUMBER(SEARCH($C$2:$C$33,CC4)))*($B$2:$B$33=$B4))>0,1,0))} -> 0 | CG4: ='Other analyst '!T4 -> David Bailey | CH4: =IF(CG4="",0,IF(OR(ISNUMBER(SEARCH(CG4,C4)),ISNUMBER(SEARCH(C4,CG4))),1,0)) -> 0 | CI4: {=IF(CG4="",0,IF(SUMPRODUCT(--(ISNUMBER(SEARCH(CG4,$C$2:$C$33))+ISNUMBER(SEARCH($C$2:$C$33,CG4))))>0,1,0))} -> 1 | CJ4: {=IF(CG4="",0,IF(SUMPRODUCT((ISNUMBER(SEARCH(CG4,$C$2:$C$33))+ISNUMBER(SEARCH($C$2:$C$33,CG4)))*($B$2:$B$33=$B4))>0,1,0))} -> 0 | CK4: ='Other analyst '!U4 -> Jeremiyah Love | CL4: =IF(CK4="",0,IF(OR(ISNUMBER(SEARCH(CK4,C4)),ISNUMBER(SEARCH(C4,CK4))),1,0)) -> 1 | CM4: {=IF(CK4="",0,IF(SUMPRODUCT(--(ISNUMBER(SEARCH(CK4,$C$2:$C$33))+ISNUMBER(SEARCH($C$2:$C$33,CK4))))>0,1,0))} -> 1 | CN4: {=IF(CK4="",0,IF(SUMPRODUCT((ISNUMBER(SEARCH(CK4,$C$2:$C$33))+ISNUMBER(SEARCH($C$2:$C$33,CK4)))*($B$2:$B$33=$B4))>0,1,0))} -> 1 | CO4: ='Other analyst '!V4 -> Dante Moore | CP4: =IF(CO4="",0,IF(OR(ISNUMBER(SEARCH(CO4,C4)),ISNUMBER(SEARCH(C4,CO4))),1,0)) -> 0 | CQ4: {=IF(CO4="",0,IF(SUMPRODUCT(--(ISNUMBER(SEARCH(CO4,$C$2:$C$33))+ISNUMBER(SEARCH($C$2:$C$33,CO4))))>0,1,0))} -> 0 | CR4: {=IF(CO4="",0,IF(SUMPRODUCT((ISNUMBER(SEARCH(CO4,$C$2:$C$33))+ISNUMBER(SEARCH($C$2:$C$33,CO4)))*($B$2:$B$33=$B4))>0,1,0))} -> 0 | CS4: ='Other analyst '!W4 -> Francis Mauigoa | CT4: =IF(CS4="",0,IF(OR(ISNUMBER(SEARCH(CS4,C4)),ISNUMBER(SEARCH(C4,CS4))),1,0)) -> 0 | CU4: {=IF(CS4="",0,IF(SUMPRODUCT(--(ISNUMBER(SEARCH(CS4,$C$2:$C$33))+ISNUMBER(SEARCH($C$2:$C$33,CS4))))>0,1,0))} -> 1 | CV4: {=IF(CS4="",0,IFERROR(IF(SUMPRODUCT((ISNUMBER(SEARCH(CS4,$C$2:$C$33))+ISNUMBER(SEARCH($C$2:$C$33,CS4)))*(ISNUMBER(SEARCH($B$2:$B$33,'Other analyst '!B4))+ISNUMBER(SEARCH('Other analyst '!B4,$B$2:$B$33))))>0,1,0),0))} -> 0 | CW4: ='Other analyst '!AD4 -> Jeremiyah Love | CX4: =IF(CW4="",0,IF(OR(ISNUMBER(SEARCH(CW4,C4)),ISNUMBER(SEARCH(C4,CW4))),1,0)) -> 1 | CY4: {=IF(CW4="",0,IF(SUMPRODUCT(--(ISNUMBER(SEARCH(CW4,$C$2:$C$33))+ISNUMBER(SEARCH($C$2:$C$33,CW4))))>0,1,0))} -> 1 | CZ4: {=IF(CW4="",0,IF(SUMPRODUCT((ISNUMBER(SEARCH(CW4,$C$2:$C$33))+ISNUMBER(SEARCH($C$2:$C$33,CW4)))*($B$2:$B$33=$B4))>0,1,0))} -> 1 | DA4: ='Other analyst '!AE4 -> Ty Simpson | DB4: =IF(DA4="",0,IF(OR(ISNUMBER(SEARCH(DA4,C4)),ISNUMBER(SEARCH(C4,DA4))),1,0)) -> 0 | DC4: {=IF(DA4="",0,IF(SUMPRODUCT(--(ISNUMBER(SEARCH(DA4,$C$2:$C$33))+ISNUMBER(SEARCH($C$2:$C$33,DA4))))>0,1,0))} -> 1 | DD4: {=IF(DA4="",0,IF(SUMPRODUCT((ISNUMBER(SEARCH(DA4,$C$2:$C$33))+ISNUMBER(SEARCH($C$2:$C$33,DA4)))*($B$2:$B$33=$B4))>0,1,0))} -> 0 | DE4: ='Other analyst '!AF4 -> Francis Mauigoa | DF4: =IF(DE4="",0,IF(OR(ISNUMBER(SEARCH(DE4,C4)),ISNUMBER(SEARCH(C4,DE4))),1,0)) -> 0 | DG4: {=IF(DE4="",0,IF(SUMPRODUCT(--(ISNUMBER(SEARCH(DE4,$C$2:$C$33))+ISNUMBER(SEARCH($C$2:$C$33,DE4))))>0,1,0))} -> 1 | DH4: {=IF(DE4="",0,IF(SUMPRODUCT((ISNUMBER(SEARCH(DE4,$C$2:$C$33))+ISNUMBER(SEARCH($C$2:$C$33,DE4)))*($B$2:$B$33=$B4))>0,1,0))} -> 0 | DI4: ='Other analyst '!AG4 -> Jeremiyah Love | DJ4: =IF(DI4="",0,IF(OR(ISNUMBER(SEARCH(DI4,C4)),ISNUMBER(SEARCH(C4,DI4))),1,0)) -> 1 | DK4: {=IF(DI4="",0,IF(SUMPRODUCT(--(ISNUMBER(SEARCH(DI4,$C$2:$C$33))+ISNUMBER(SEARCH($C$2:$C$33,DI4))))>0,1,0))} -> 1 | DL4: {=IF(DI4="",0,IF(SUMPRODUCT((ISNUMBER(SEARCH(DI4,$C$2:$C$33))+ISNUMBER(SEARCH($C$2:$C$33,DI4)))*($B$2:$B$33=$B4))>0,1,0))} -> 1 | DM4: ='Other analyst '!AB4 -> Jeremiyah Love | DN4: =IF(DM4="",0,IF(OR(ISNUMBER(SEARCH(DM4,C4)),ISNUMBER(SEARCH(C4,DM4))),1,0)) -> 1 | DO4: {=IF(DM4="",0,IF(SUMPRODUCT(--(ISNUMBER(SEARCH(DM4,$C$2:$C$33))+ISNUMBER(SEARCH($C$2:$C$33,DM4))))>0,1,0))} -> 1 | DP4: {=IF(DM4="",0,IFERROR(IF(SUMPRODUCT((ISNUMBER(SEARCH(DM4,$C$2:$C$33))+ISNUMBER(SEARCH($C$2:$C$33,DM4)))*(ISNUMBER(SEARCH($B$2:$B$33,'Other analyst '!B4))+ISNUMBER(SEARCH('Other analyst '!B4,$B$2:$B$33))))>0,1,0),0))} -> 1 | DQ4: ='Other analyst '!AC4 -> David Bailey | DR4: =IF(DQ4="",0,IF(OR(ISNUMBER(SEARCH(DQ4,C4)),ISNUMBER(SEARCH(C4,DQ4))),1,0)) -> 0 | DS4: {=IF(DQ4="",0,IF(SUMPRODUCT(--(ISNUMBER(SEARCH(DQ4,$C$2:$C$33))+ISNUMBER(SEARCH($C$2:$C$33,DQ4))))>0,1,0))} -> 1 | DT4: {=IF(DQ4="",0,IFERROR(IF(SUMPRODUCT((ISNUMBER(SEARCH(DQ4,$C$2:$C$33))+ISNUMBER(SEARCH($C$2:$C$33,DQ4)))*(ISNUMBER(SEARCH($B$2:$B$33,'Other analyst '!B4))+ISNUMBER(SEARCH('Other analyst '!B4,$B$2:$B$33))))>0,1,0),0))} -> 0 | DU4: =IFERROR(TRIM(LEFT(IF(ISNUMBER(SEARCH("]",'Other analyst '!X4)),MID('Other analyst '!X4,SEARCH("]",'Other analyst '!X4)+1,200),'Other analyst '!X4),IFERROR(SEARCH(" (",IF(ISNUMBER(SEARCH("]",'Other analyst '!X4)),MID('Other analyst '!X4,SEARCH("]",'Other analyst '!X4)+1,200),'Other analyst '!X4))-1,LEN('Other analyst '!X4)))),"") -> Jeremiyah Love | DV4: =IF(DU4="",0,IF(OR(ISNUMBER(SEARCH(DU4,C4)),ISNUMBER(SEARCH(C4,DU4))),1,0)) -> 1 | DW4: {=IF(DU4="",0,IF(SUMPRODUCT((ISNUMBER(SEARCH(DU4,$C$2:$C$33))+ISNUMBER(SEARCH($C$2:$C$33,DU4))))>0,1,0))} -> 1 | DX4: 0 | DY4: =IFERROR(TRIM(LEFT(IF(ISNUMBER(SEARCH("]",'Other analyst '!Y4)),MID('Other analyst '!Y4,SEARCH("]",'Other analyst '!Y4)+1,200),'Other analyst '!Y4),IFERROR(SEARCH(" (",IF(ISNUMBER(SEARCH("]",'Other analyst '!Y4)),MID('Other analyst '!Y4,SEARCH("]",'Other analyst '!Y4)+1,200),'Other analyst '!Y4))-1,LEN('Other analyst '!Y4)))),"") -> Jeremiyah Love | DZ4: =IF(DY4="",0,IF(OR(ISNUMBER(SEARCH(DY4,C4)),ISNUMBER(SEARCH(C4,DY4))),1,0)) -> 1 | EA4: {=IF(DY4="",0,IF(SUMPRODUCT((ISNUMBER(SEARCH(DY4,$C$2:$C$33))+ISNUMBER(SEARCH($C$2:$C$33,DY4))))>0,1,0))} -> 1 | EB4: 0 | EC4: =IFERROR(TRIM(LEFT(IF(ISNUMBER(SEARCH("]",'Other analyst '!Z4)),MID('Other analyst '!Z4,SEARCH("]",'Other analyst '!Z4)+1,200),'Other analyst '!Z4),IFERROR(SEARCH(" (",IF(ISNUMBER(SEARCH("]",'Other analyst '!Z4)),MID('Other analyst '!Z4,SEARCH("]",'Other analyst '!Z4)+1,200),'Other analyst '!Z4))-1,LEN('Other analyst '!Z4)))),"") -> David Bailey | ED4: =IF(EC4="",0,IF(OR(ISNUMBER(SEARCH(EC4,C4)),ISNUMBER(SEARCH(C4,EC4))),1,0)) -> 0 | EE4: {=IF(EC4="",0,IF(SUMPRODUCT((ISNUMBER(SEARCH(EC4,$C$2:$C$33))+ISNUMBER(SEARCH($C$2:$C$33,EC4))))>0,1,0))} -> 1 | EF4: 0 | EG4: =IFERROR(TRIM(LEFT(IF(ISNUMBER(SEARCH("]",'Other analyst '!AA4)),MID('Other analyst '!AA4,SEARCH("]",'Other analyst '!AA4)+1,200),'Other analyst '!AA4),IFERROR(SEARCH(" (",IF(ISNUMBER(SEARCH("]",'Other analyst '!AA4)),MID('Other analyst '!AA4,SEARCH("]",'Other analyst '!AA4)+1,200),'Other analyst '!AA4))-1,LEN('Other analyst '!AA4)))),"") -> Jeremiyah Love | EH4: =IF(EG4="",0,IF(OR(ISNUMBER(SEARCH(EG4,C4)),ISNUMBER(SEARCH(C4,EG4))),1,0)) -> 1 | EI4: {=IF(EG4="",0,IF(SUMPRODUCT((ISNUMBER(SEARCH(EG4,$C$2:$C$33))+ISNUMBER(SEARCH($C$2:$C$33,EG4))))>0,1,0))} -> 1 | EJ4: 0 | EK4: =K4+L4+M4+N4+O4+P4+AF4+AI4+AL4+AP4+AT4+AX4+BB4+BF4+BJ4+BN4+BR4+BV4+CD4+CH4+CL4+CP4+CT4+DV4+DZ4+ED4+EH4+DN4+DR4+CX4+DB4+DF4+DJ4 -> 13
A5: 4 | B5: ='Actual nfl first round'!C5 -> Titans | C5: {=_xlfn.LET(_xlpm.actual, 'Actual nfl first round'!D5, _xlpm.analystNames, _xlfn.TOCOL($E$2:$I$33), _xlpm.mockNames, 'Colin''s Mock'!$D$2:$D$258, _xlpm.allNames, _xlfn.VSTACK(_xlpm.analystNames, _xlpm.mockNames), _xlpm.matches, _xlfn._xlws.FILTER(_xlpm.allNames, ISNUMBER(SEARCH(_xlpm.allNames, _xlpm.actual))*(LEN(_xlpm.allNames)>3), ""), IF(ISERROR(INDEX(_xlpm.matches,1)), _xlpm.actual, INDEX(_xlpm.matches,1)))} -> Carnell Tate | D5: ='Colin''s Mock'!D5 -> Jeremiyah Love | E5: =_xlfn.LET(_xlpm.raw, 'Other analyst '!C5, _xlpm.s, IF(LEFT(_xlpm.raw,1)="[", MID(_xlpm.raw, FIND("] ",_xlpm.raw)+2, 999), _xlpm.raw), IFERROR(TRIM(LEFT(_xlpm.s, FIND(" (",_xlpm.s)-1)), _xlpm.raw)) -> Sonny Styles | F5: =_xlfn.LET(_xlpm.raw, 'Other analyst '!D5, _xlpm.s, IF(LEFT(_xlpm.raw,1)="[", MID(_xlpm.raw, FIND("] ",_xlpm.raw)+2, 999), _xlpm.raw), IFERROR(TRIM(LEFT(_xlpm.s, FIND(" (",_xlpm.s)-1)), _xlpm.raw)) -> Jeremiyah Love | G5: =_xlfn.LET(_xlpm.raw, 'Other analyst '!E5, _xlpm.s, IF(LEFT(_xlpm.raw,1)="[", MID(_xlpm.raw, FIND("] ",_xlpm.raw)+2, 999), _xlpm.raw), IFERROR(TRIM(LEFT(_xlpm.s, FIND(" (",_xlpm.s)-1)), _xlpm.raw)) -> Sonny Styles | H5: =_xlfn.LET(_xlpm.raw, 'Other analyst '!F5, _xlpm.s, IF(LEFT(_xlpm.raw,1)="[", MID(_xlpm.raw, FIND("] ",_xlpm.raw)+2, 999), _xlpm.raw), IFERROR(TRIM(LEFT(_xlpm.s, FIND(" (",_xlpm.s)-1)), _xlpm.raw)) -> Jeremiyah Love | I5: =_xlfn.LET(_xlpm.raw, 'Other analyst '!G5, _xlpm.s, IF(LEFT(_xlpm.raw,1)="[", MID(_xlpm.raw, FIND("] ",_xlpm.raw)+2, 999), _xlpm.raw), IFERROR(TRIM(LEFT(_xlpm.s, FIND(" (",_xlpm.s)-1)), _xlpm.raw)) -> David Bailey | K5: =IF(OR(D5="", C5=""), 0, IF(OR(EXACT(TRIM(D5),TRIM(C5)), ISNUMBER(SEARCH(D5, C5)), ISNUMBER(SEARCH(C5, D5))), 1, 0)) -> 0 | L5: =IF(OR(E5="", C5=""), 0, IF(OR(EXACT(TRIM(E5),TRIM(C5)), ISNUMBER(SEARCH(E5, C5)), ISNUMBER(SEARCH(C5, E5))), 1, 0)) -> 0 | M5: =IF(OR(F5="", C5=""), 0, IF(OR(EXACT(TRIM(F5),TRIM(C5)), ISNUMBER(SEARCH(F5, C5)), ISNUMBER(SEARCH(C5, F5))), 1, 0)) -> 0 | N5: =IF(OR(G5="", C5=""), 0, IF(OR(EXACT(TRIM(G5),TRIM(C5)), ISNUMBER(SEARCH(G5, C5)), ISNUMBER(SEARCH(C5, G5))), 1, 0)) -> 0 | O5: =IF(OR(H5="", C5=""), 0, IF(OR(EXACT(TRIM(H5),TRIM(C5)), ISNUMBER(SEARCH(H5, C5)), ISNUMBER(SEARCH(C5, H5))), 1, 0)) -> 0 | P5: =IF(OR(I5="", C5=""), 0, IF(OR(EXACT(TRIM(I5),TRIM(C5)), ISNUMBER(SEARCH(I5, C5)), ISNUMBER(SEARCH(C5, I5))), 1, 0)) -> 0 | Q5: {=IF(D5="", 0, IF(SUMPRODUCT(--(ISNUMBER(SEARCH(D5, $C$2:$C$33)) + ISNUMBER(SEARCH($C$2:$C$33, D5))))>0, 1, 0))} -> 1 | R5: {=IF(E5="", 0, IF(SUMPRODUCT(--(ISNUMBER(SEARCH(E5, $C$2:$C$33)) + ISNUMBER(SEARCH($C$2:$C$33, E5))))>0, 1, 0))} -> 1 | S5: {=IF(F5="", 0, IF(SUMPRODUCT(--(ISNUMBER(SEARCH(F5, $C$2:$C$33)) + ISNUMBER(SEARCH($C$2:$C$33, F5))))>0, 1, 0))} -> 1 | T5: {=IF(G5="", 0, IF(SUMPRODUCT(--(ISNUMBER(SEARCH(G5, $C$2:$C$33)) + ISNUMBER(SEARCH($C$2:$C$33, G5))))>0, 1, 0))} -> 1 | U5: {=IF(H5="", 0, IF(SUMPRODUCT(--(ISNUMBER(SEARCH(H5, $C$2:$C$33)) + ISNUMBER(SEARCH($C$2:$C$33, H5))))>0, 1, 0))} -> 1 | V5: {=IF(I5="", 0, IF(SUMPRODUCT(--(ISNUMBER(SEARCH(I5, $C$2:$C$33)) + ISNUMBER(SEARCH($C$2:$C$33, I5))))>0, 1, 0))} -> 1 | W5: {=IF(D5="",0,IF(SUMPRODUCT((ISNUMBER(SEARCH(D5,$C$2:$C$33))+ISNUMBER(SEARCH($C$2:$C$33,D5)))*($B$2:$B$33=$B5))>0,1,0))} -> 0 | X5: {=IF(E5="",0,IF(SUMPRODUCT((ISNUMBER(SEARCH(E5,$C$2:$C$33))+ISNUMBER(SEARCH($C$2:$C$33,E5)))*($B$2:$B$33=$B5))>0,1,0))} -> 0 | Y5: {=IF(F5="",0,IF(SUMPRODUCT((ISNUMBER(SEARCH(F5,$C$2:$C$33))+ISNUMBER(SEARCH($C$2:$C$33,F5)))*($B$2:$B$33=$B5))>0,1,0))} -> 0 | Z5: {=IF(G5="",0,IF(SUMPRODUCT((ISNUMBER(SEARCH(G5,$C$2:$C$33))+ISNUMBER(SEARCH($C$2:$C$33,G5)))*($B$2:$B$33=$B5))>0,1,0))} -> 0 | AA5: {=IF(H5="",0,IF(SUMPRODUCT((ISNUMBER(SEARCH(H5,$C$2:$C$33))+ISNUMBER(SEARCH($C$2:$C$33,H5)))*($B$2:$B$33=$B5))>0,1,0))} -> 0 | AB5: {=IF(I5="",0,IF(SUMPRODUCT((ISNUMBER(SEARCH(I5,$C$2:$C$33))+ISNUMBER(SEARCH($C$2:$C$33,I5)))*($B$2:$B$33=$B5))>0,1,0))} -> 0 | AC5: Sonny Styles | AD5: Jeremiyah Love | AE5: Jeremiyah Love | AF5: =IF(AC5="",0,IF((ISNUMBER(SEARCH(AC5,C5))+ISNUMBER(SEARCH(C5,AC5)))>0,1,0)) -> 0 | AG5: {=IF(AC5="",0,IF(SUMPRODUCT((ISNUMBER(SEARCH(AC5,$C$2:$C$33))+ISNUMBER(SEARCH($C$2:$C$33,AC5))))>0,1,0))} -> 1 | AH5: {=IF(AC5="",0,IF(SUMPRODUCT((ISNUMBER(SEARCH(AC5,$C$2:$C$33))+ISNUMBER(SEARCH($C$2:$C$33,AC5)))*($B$2:$B$33=$B5))>0,1,0))} -> 0 | AI5: =IF(AD5="",0,IF((ISNUMBER(SEARCH(AD5,C5))+ISNUMBER(SEARCH(C5,AD5)))>0,1,0)) -> 0 | AJ5: {=IF(AD5="",0,IF(SUMPRODUCT((ISNUMBER(SEARCH(AD5,$C$2:$C$33))+ISNUMBER(SEARCH($C$2:$C$33,AD5))))>0,1,0))} -> 1 | AK5: {=IF(AD5="",0,IF(SUMPRODUCT((ISNUMBER(SEARCH(AD5,$C$2:$C$33))+ISNUMBER(SEARCH($C$2:$C$33,AD5)))*($B$2:$B$33=$B5))>0,1,0))} -> 0 | AL5: =IF(AE5="",0,IF((ISNUMBER(SEARCH(AE5,C5))+ISNUMBER(SEARCH(C5,AE5)))>0,1,0)) -> 0 | AM5: {=IF(AE5="",0,IF(SUMPRODUCT((ISNUMBER(SEARCH(AE5,$C$2:$C$33))+ISNUMBER(SEARCH($C$2:$C$33,AE5))))>0,1,0))} -> 1 | AN5: {=IF(AE5="",0,IF(SUMPRODUCT((ISNUMBER(SEARCH(AE5,$C$2:$C$33))+ISNUMBER(SEARCH($C$2:$C$33,AE5)))*($B$2:$B$33=$B5))>0,1,0))} -> 0 | AO5: {=_xlfn.LET(_xlpm.raw,'Other analyst '!K5,_xlpm.mockNames,'Colin''s Mock'!$D$2:$D$258,_xlpm.analystNames,_xlfn.TOCOL($E$2:$I$33),_xlpm.newNames,_xlfn.TOCOL('Other analyst '!$K$2:$R$33),_xlpm.allNames,_xlfn.VSTACK(_xlpm.mockNames,_xlpm.analystNames,_xlpm.newNames),_xlpm.matches,_xlfn._xlws.FILTER(_xlpm.allNames,ISNUMBER(SEARCH(_xlpm.allNames,_xlpm.raw))*(LEN(_xlpm.allNames)>3),""),IF(ISERROR(INDEX(_xlpm.matches,1)),_xlpm.raw,INDEX(_xlpm.matches,1)))} -> David Bailey | AP5: =IF(OR(AO5="",AO5=0),0,IF(OR(ISNUMBER(SEARCH(AO5,$C5)),ISNUMBER(SEARCH($C5,AO5))),1,0)) -> 0 | AQ5: {=IF(OR(AO5="",AO5=0),0,IF(SUMPRODUCT(--(ISNUMBER(SEARCH(AO5,$C$2:$C$33))+ISNUMBER(SEARCH($C$2:$C$33,AO5))))>0,1,0))} -> 1 | AR5: {=IF(OR(AO5="",AO5=0),0,IF(SUMPRODUCT((ISNUMBER(SEARCH(AO5,$C$2:$C$33))+ISNUMBER(SEARCH($C$2:$C$33,AO5)))*($B$2:$B$33=$B5))>0,1,0))} -> 0 | AS5: {=_xlfn.LET(_xlpm.raw,'Other analyst '!L5,_xlpm.mockNames,'Colin''s Mock'!$D$2:$D$258,_xlpm.analystNames,_xlfn.TOCOL($E$2:$I$33),_xlpm.newNames,_xlfn.TOCOL('Other analyst '!$K$2:$R$33),_xlpm.allNames,_xlfn.VSTACK(_xlpm.mockNames,_xlpm.analystNames,_xlpm.newNames),_xlpm.matches,_xlfn._xlws.FILTER(_xlpm.allNames,ISNUMBER(SEARCH(_xlpm.allNames,_xlpm.raw))*(LEN(_xlpm.allNames)>3),""),IF(ISERROR(INDEX(_xlpm.matches,1)),_xlpm.raw,INDEX(_xlpm.matches,1)))} -> Sonny Styles | AT5: =IF(OR(AS5="",AS5=0),0,IF(OR(ISNUMBER(SEARCH(AS5,$C5)),ISNUMBER(SEARCH($C5,AS5))),1,0)) -> 0 | AU5: {=IF(OR(AS5="",AS5=0),0,IF(SUMPRODUCT(--(ISNUMBER(SEARCH(AS5,$C$2:$C$33))+ISNUMBER(SEARCH($C$2:$C$33,AS5))))>0,1,0))} -> 1 | AV5: {=IF(OR(AS5="",AS5=0),0,IF(SUMPRODUCT((ISNUMBER(SEARCH(AS5,$C$2:$C$33))+ISNUMBER(SEARCH($C$2:$C$33,AS5)))*($B$2:$B$33=$B5))>0,1,0))} -> 0 | AW5: {=_xlfn.LET(_xlpm.raw,'Other analyst '!M5,_xlpm.mockNames,'Colin''s Mock'!$D$2:$D$258,_xlpm.analystNames,_xlfn.TOCOL($E$2:$I$33),_xlpm.newNames,_xlfn.TOCOL('Other analyst '!$K$2:$R$33),_xlpm.allNames,_xlfn.VSTACK(_xlpm.mockNames,_xlpm.analystNames,_xlpm.newNames),_xlpm.matches,_xlfn._xlws.FILTER(_xlpm.allNames,ISNUMBER(SEARCH(_xlpm.allNames,_xlpm.raw))*(LEN(_xlpm.allNames)>3),""),IF(ISERROR(INDEX(_xlpm.matches,1)),_xlpm.raw,INDEX(_xlpm.matches,1)))} -> Arvell Reese | AX5: =IF(OR(AW5="",AW5=0),0,IF(OR(ISNUMBER(SEARCH(AW5,$C5)),ISNUMBER(SEARCH($C5,AW5))),1,0)) -> 0 | AY5: {=IF(OR(AW5="",AW5=0),0,IF(SUMPRODUCT(--(ISNUMBER(SEARCH(AW5,$C$2:$C$33))+ISNUMBER(SEARCH($C$2:$C$33,AW5))))>0,1,0))} -> 1 | AZ5: {=IF(OR(AW5="",AW5=0),0,IF(SUMPRODUCT((ISNUMBER(SEARCH(AW5,$C$2:$C$33))+ISNUMBER(SEARCH($C$2:$C$33,AW5)))*($B$2:$B$33=$B5))>0,1,0))} -> 0 | BA5: {=_xlfn.LET(_xlpm.raw,'Other analyst '!N5,_xlpm.mockNames,'Colin''s Mock'!$D$2:$D$258,_xlpm.analystNames,_xlfn.TOCOL($E$2:$I$33),_xlpm.newNames,_xlfn.TOCOL('Other analyst '!$K$2:$R$33),_xlpm.allNames,_xlfn.VSTACK(_xlpm.mockNames,_xlpm.analystNames,_xlpm.newNames),_xlpm.matches,_xlfn._xlws.FILTER(_xlpm.allNames,ISNUMBER(SEARCH(_xlpm.allNames,_xlpm.raw))*(LEN(_xlpm.allNames)>3),""),IF(ISERROR(INDEX(_xlpm.matches,1)),_xlpm.raw,INDEX(_xlpm.matches,1)))} -> Sonny Styles | BB5: =IF(OR(BA5="",BA5=0),0,IF(OR(ISNUMBER(SEARCH(BA5,$C5)),ISNUMBER(SEARCH($C5,BA5))),1,0)) -> 0 | BC5: {=IF(OR(BA5="",BA5=0),0,IF(SUMPRODUCT(--(ISNUMBER(SEARCH(BA5,$C$2:$C$33))+ISNUMBER(SEARCH($C$2:$C$33,BA5))))>0,1,0))} -> 1 | BD5: {=IF(OR(BA5="",BA5=0),0,IF(SUMPRODUCT((ISNUMBER(SEARCH(BA5,$C$2:$C$33))+ISNUMBER(SEARCH($C$2:$C$33,BA5)))*($B$2:$B$33=$B5))>0,1,0))} -> 0 | BE5: {=_xlfn.LET(_xlpm.raw,'Other analyst '!O5,_xlpm.mockNames,'Colin''s Mock'!$D$2:$D$258,_xlpm.analystNames,_xlfn.TOCOL($E$2:$I$33),_xlpm.newNames,_xlfn.TOCOL('Other analyst '!$K$2:$R$33),_xlpm.allNames,_xlfn.VSTACK(_xlpm.mockNames,_xlpm.analystNames,_xlpm.newNames),_xlpm.matches,_xlfn._xlws.FILTER(_xlpm.allNames,ISNUMBER(SEARCH(_xlpm.allNames,_xlpm.raw))*(LEN(_xlpm.allNames)>3),""),IF(ISERROR(INDEX(_xlpm.matches,1)),_xlpm.raw,INDEX(_xlpm.matches,1)))} -> Jeremiyah Love | BF5: =IF(OR(BE5="",BE5=0),0,IF(OR(ISNUMBER(SEARCH(BE5,$C5)),ISNUMBER(SEARCH($C5,BE5))),1,0)) -> 0 | BG5: {=IF(OR(BE5="",BE5=0),0,IF(SUMPRODUCT(--(ISNUMBER(SEARCH(BE5,$C$2:$C$33))+ISNUMBER(SEARCH($C$2:$C$33,BE5))))>0,1,0))} -> 1 | BH5: {=IF(OR(BE5="",BE5=0),0,IF(SUMPRODUCT((ISNUMBER(SEARCH(BE5,$C$2:$C$33))+ISNUMBER(SEARCH($C$2:$C$33,BE5)))*($B$2:$B$33=$B5))>0,1,0))} -> 0 | BI5: {=_xlfn.LET(_xlpm.raw,'Other analyst '!P5,_xlpm.mockNames,'Colin''s Mock'!$D$2:$D$258,_xlpm.analystNames,_xlfn.TOCOL($E$2:$I$33),_xlpm.newNames,_xlfn.TOCOL('Other analyst '!$K$2:$R$33),_xlpm.allNames,_xlfn.VSTACK(_xlpm.mockNames,_xlpm.analystNames,_xlpm.newNames),_xlpm.matches,_xlfn._xlws.FILTER(_xlpm.allNames,ISNUMBER(SEARCH(_xlpm.allNames,_xlpm.raw))*(LEN(_xlpm.allNames)>3),""),IF(ISERROR(INDEX(_xlpm.matches,1)),_xlpm.raw,INDEX(_xlpm.matches,1)))} -> Jeremiyah Love | BJ5: =IF(OR(BI5="",BI5=0),0,IF(OR(ISNUMBER(SEARCH(BI5,$C5)),ISNUMBER(SEARCH($C5,BI5))),1,0)) -> 0 | BK5: {=IF(OR(BI5="",BI5=0),0,IF(SUMPRODUCT(--(ISNUMBER(SEARCH(BI5,$C$2:$C$33))+ISNUMBER(SEARCH($C$2:$C$33,BI5))))>0,1,0))} -> 1 | BL5: {=IF(OR(BI5="",BI5=0),0,IF(SUMPRODUCT((ISNUMBER(SEARCH(BI5,$C$2:$C$33))+ISNUMBER(SEARCH($C$2:$C$33,BI5)))*($B$2:$B$33=$B5))>0,1,0))} -> 0 | BM5: {=_xlfn.LET(_xlpm.raw,'Other analyst '!Q5,_xlpm.mockNames,'Colin''s Mock'!$D$2:$D$258,_xlpm.analystNames,_xlfn.TOCOL($E$2:$I$33),_xlpm.newNames,_xlfn.TOCOL('Other analyst '!$K$2:$R$33),_xlpm.allNames,_xlfn.VSTACK(_xlpm.mockNames,_xlpm.analystNames,_xlpm.newNames),_xlpm.matches,_xlfn._xlws.FILTER(_xlpm.allNames,ISNUMBER(SEARCH(_xlpm.allNames,_xlpm.raw))*(LEN(_xlpm.allNames)>3),""),IF(ISERROR(INDEX(_xlpm.matches,1)),_xlpm.raw,INDEX(_xlpm.matches,1)))} -> Arvell Reese | BN5: =IF(OR(BM5="",BM5=0),0,IF(OR(ISNUMBER(SEARCH(BM5,$C5)),ISNUMBER(SEARCH($C5,BM5))),1,0)) -> 0 | BO5: {=IF(OR(BM5="",BM5=0),0,IF(SUMPRODUCT(--(ISNUMBER(SEARCH(BM5,$C$2:$C$33))+ISNUMBER(SEARCH($C$2:$C$33,BM5))))>0,1,0))} -> 1 | BP5: {=IF(OR(BM5="",BM5=0),0,IF(SUMPRODUCT((ISNUMBER(SEARCH(BM5,$C$2:$C$33))+ISNUMBER(SEARCH($C$2:$C$33,BM5)))*($B$2:$B$33=$B5))>0,1,0))} -> 0 | BQ5: {=_xlfn.LET(_xlpm.raw,'Other analyst '!R5,_xlpm.mockNames,'Colin''s Mock'!$D$2:$D$258,_xlpm.analystNames,_xlfn.TOCOL($E$2:$I$33),_xlpm.newNames,_xlfn.TOCOL('Other analyst '!$K$2:$R$33),_xlpm.allNames,_xlfn.VSTACK(_xlpm.mockNames,_xlpm.analystNames,_xlpm.newNames),_xlpm.matches,_xlfn._xlws.FILTER(_xlpm.allNames,ISNUMBER(SEARCH(_xlpm.allNames,_xlpm.raw))*(LEN(_xlpm.allNames)>3),""),IF(ISERROR(INDEX(_xlpm.matches,1)),_xlpm.raw,INDEX(_xlpm.matches,1)))} -> Sonny Styles | BR5: =IF(OR(BQ5="",BQ5=0),0,IF(OR(ISNUMBER(SEARCH(BQ5,$C5)),ISNUMBER(SEARCH($C5,BQ5))),1,0)) -> 0 | BS5: {=IF(OR(BQ5="",BQ5=0),0,IF(SUMPRODUCT(--(ISNUMBER(SEARCH(BQ5,$C$2:$C$33))+ISNUMBER(SEARCH($C$2:$C$33,BQ5))))>0,1,0))} -> 1 | BT5: {=IF(OR(BQ5="",BQ5=0),0,IF(SUMPRODUCT((ISNUMBER(SEARCH(BQ5,$C$2:$C$33))+ISNUMBER(SEARCH($C$2:$C$33,BQ5)))*($B$2:$B$33=$B5))>0,1,0))} -> 0 | BU5: ='Colin Mock wTrade'!D5 -> Jeremiyah Love | BV5: =IF(BU5="",0,IF(OR(ISNUMBER(SEARCH(BU5,C5)),ISNUMBER(SEARCH(C5,BU5))),1,0)) -> 0 | BW5: {=IF(BU5="",0,IF(SUMPRODUCT(--(ISNUMBER(SEARCH(BU5,$C$2:$C$33))+ISNUMBER(SEARCH($C$2:$C$33,BU5))))>0,1,0))} -> 1 | BX5: {=IF(BU5="",0,IFERROR(IF(SUMPRODUCT((ISNUMBER(SEARCH(BU5,$C$2:$C$33))+ISNUMBER(SEARCH($C$2:$C$33,BU5)))*($B$2:$B$33=VLOOKUP('Colin Mock wTrade'!C5,$CA$1:$CB$32,2,FALSE)))>0,1,0),0))} -> 0 | CA5: NYG | CB5: Giants | CC5: ='Other analyst '!S5 -> Sonny Styles | CD5: =IF(CC5="",0,IF(OR(ISNUMBER(SEARCH(CC5,C5)),ISNUMBER(SEARCH(C5,CC5))),1,0)) -> 0 | CE5: {=IF(CC5="",0,IF(SUMPRODUCT(--(ISNUMBER(SEARCH(CC5,$C$2:$C$33))+ISNUMBER(SEARCH($C$2:$C$33,CC5))))>0,1,0))} -> 1 | CF5: {=IF(CC5="",0,IF(SUMPRODUCT((ISNUMBER(SEARCH(CC5,$C$2:$C$33))+ISNUMBER(SEARCH($C$2:$C$33,CC5)))*($B$2:$B$33=$B5))>0,1,0))} -> 0 | CG5: ='Other analyst '!T5 -> Jeremiyah Love | CH5: =IF(CG5="",0,IF(OR(ISNUMBER(SEARCH(CG5,C5)),ISNUMBER(SEARCH(C5,CG5))),1,0)) -> 0 | CI5: {=IF(CG5="",0,IF(SUMPRODUCT(--(ISNUMBER(SEARCH(CG5,$C$2:$C$33))+ISNUMBER(SEARCH($C$2:$C$33,CG5))))>0,1,0))} -> 1 | CJ5: {=IF(CG5="",0,IF(SUMPRODUCT((ISNUMBER(SEARCH(CG5,$C$2:$C$33))+ISNUMBER(SEARCH($C$2:$C$33,CG5)))*($B$2:$B$33=$B5))>0,1,0))} -> 0 | CK5: ='Other analyst '!U5 -> David Bailey | CL5: =IF(CK5="",0,IF(OR(ISNUMBER(SEARCH(CK5,C5)),ISNUMBER(SEARCH(C5,CK5))),1,0)) -> 0 | CM5: {=IF(CK5="",0,IF(SUMPRODUCT(--(ISNUMBER(SEARCH(CK5,$C$2:$C$33))+ISNUMBER(SEARCH($C$2:$C$33,CK5))))>0,1,0))} -> 1 | CN5: {=IF(CK5="",0,IF(SUMPRODUCT((ISNUMBER(SEARCH(CK5,$C$2:$C$33))+ISNUMBER(SEARCH($C$2:$C$33,CK5)))*($B$2:$B$33=$B5))>0,1,0))} -> 0 | CO5: ='Other analyst '!V5 -> Jeremiah Smith | CP5: =IF(CO5="",0,IF(OR(ISNUMBER(SEARCH(CO5,C5)),ISNUMBER(SEARCH(C5,CO5))),1,0)) -> 0 | CQ5: {=IF(CO5="",0,IF(SUMPRODUCT(--(ISNUMBER(SEARCH(CO5,$C$2:$C$33))+ISNUMBER(SEARCH($C$2:$C$33,CO5))))>0,1,0))} -> 0 | CR5: {=IF(CO5="",0,IF(SUMPRODUCT((ISNUMBER(SEARCH(CO5,$C$2:$C$33))+ISNUMBER(SEARCH($C$2:$C$33,CO5)))*($B$2:$B$33=$B5))>0,1,0))} -> 0 | CS5: ='Other analyst '!W5 -> Arvell Reese | CT5: =IF(CS5="",0,IF(OR(ISNUMBER(SEARCH(CS5,C5)),ISNUMBER(SEARCH(C5,CS5))),1,0)) -> 0 | CU5: {=IF(CS5="",0,IF(SUMPRODUCT(--(ISNUMBER(SEARCH(CS5,$C$2:$C$33))+ISNUMBER(SEARCH($C$2:$C$33,CS5))))>0,1,0))} -> 1 | CV5: {=IF(CS5="",0,IFERROR(IF(SUMPRODUCT((ISNUMBER(SEARCH(CS5,$C$2:$C$33))+ISNUMBER(SEARCH($C$2:$C$33,CS5)))*(ISNUMBER(SEARCH($B$2:$B$33,'Other analyst '!B5))+ISNUMBER(SEARCH('Other analyst '!B5,$B$2:$B$33))))>0,1,0),0))} -> 0 | CW5: ='Other analyst '!AD5 -> Sonny Styles | CX5: =IF(CW5="",0,IF(OR(ISNUMBER(SEARCH(CW5,C5)),ISNUMBER(SEARCH(C5,CW5))),1,0)) -> 0 | CY5: {=IF(CW5="",0,IF(SUMPRODUCT(--(ISNUMBER(SEARCH(CW5,$C$2:$C$33))+ISNUMBER(SEARCH($C$2:$C$33,CW5))))>0,1,0))} -> 1 | CZ5: {=IF(CW5="",0,IF(SUMPRODUCT((ISNUMBER(SEARCH(CW5,$C$2:$C$33))+ISNUMBER(SEARCH($C$2:$C$33,CW5)))*($B$2:$B$33=$B5))>0,1,0))} -> 0 | DA5: ='Other analyst '!AE5 -> David Bailey | DB5: =IF(DA5="",0,IF(OR(ISNUMBER(SEARCH(DA5,C5)),ISNUMBER(SEARCH(C5,DA5))),1,0)) -> 0 | DC5: {=IF(DA5="",0,IF(SUMPRODUCT(--(ISNUMBER(SEARCH(DA5,$C$2:$C$33))+ISNUMBER(SEARCH($C$2:$C$33,DA5))))>0,1,0))} -> 1 | DD5: {=IF(DA5="",0,IF(SUMPRODUCT((ISNUMBER(SEARCH(DA5,$C$2:$C$33))+ISNUMBER(SEARCH($C$2:$C$33,DA5)))*($B$2:$B$33=$B5))>0,1,0))} -> 0 | DE5: ='Other analyst '!AF5 -> Arvell Reese | DF5: =IF(DE5="",0,IF(OR(ISNUMBER(SEARCH(DE5,C5)),ISNUMBER(SEARCH(C5,DE5))),1,0)) -> 0 | DG5: {=IF(DE5="",0,IF(SUMPRODUCT(--(ISNUMBER(SEARCH(DE5,$C$2:$C$33))+ISNUMBER(SEARCH($C$2:$C$33,DE5))))>0,1,0))} -> 1 | DH5: {=IF(DE5="",0,IF(SUMPRODUCT((ISNUMBER(SEARCH(DE5,$C$2:$C$33))+ISNUMBER(SEARCH($C$2:$C$33,DE5)))*($B$2:$B$33=$B5))>0,1,0))} -> 0 | DI5: ='Other analyst '!AG5 -> Sonny Styles | DJ5: =IF(DI5="",0,IF(OR(ISNUMBER(SEARCH(DI5,C5)),ISNUMBER(SEARCH(C5,DI5))),1,0)) -> 0 | DK5: {=IF(DI5="",0,IF(SUMPRODUCT(--(ISNUMBER(SEARCH(DI5,$C$2:$C$33))+ISNUMBER(SEARCH($C$2:$C$33,DI5))))>0,1,0))} -> 1 | DL5: {=IF(DI5="",0,IF(SUMPRODUCT((ISNUMBER(SEARCH(DI5,$C$2:$C$33))+ISNUMBER(SEARCH($C$2:$C$33,DI5)))*($B$2:$B$33=$B5))>0,1,0))} -> 0 | DM5: ='Other analyst '!AB5 -> Sonny Styles | DN5: =IF(DM5="",0,IF(OR(ISNUMBER(SEARCH(DM5,C5)),ISNUMBER(SEARCH(C5,DM5))),1,0)) -> 0 | DO5: {=IF(DM5="",0,IF(SUMPRODUCT(--(ISNUMBER(SEARCH(DM5,$C$2:$C$33))+ISNUMBER(SEARCH($C$2:$C$33,DM5))))>0,1,0))} -> 1 | DP5: {=IF(DM5="",0,IFERROR(IF(SUMPRODUCT((ISNUMBER(SEARCH(DM5,$C$2:$C$33))+ISNUMBER(SEARCH($C$2:$C$33,DM5)))*(ISNUMBER(SEARCH($B$2:$B$33,'Other analyst '!B5))+ISNUMBER(SEARCH('Other analyst '!B5,$B$2:$B$33))))>0,1,0),0))} -> 0 | DQ5: ='Other analyst '!AC5 -> Jeremiyah Love | DR5: =IF(DQ5="",0,IF(OR(ISNUMBER(SEARCH(DQ5,C5)),ISNUMBER(SEARCH(C5,DQ5))),1,0)) -> 0 | DS5: {=IF(DQ5="",0,IF(SUMPRODUCT(--(ISNUMBER(SEARCH(DQ5,$C$2:$C$33))+ISNUMBER(SEARCH($C$2:$C$33,DQ5))))>0,1,0))} -> 1 | DT5: {=IF(DQ5="",0,IFERROR(IF(SUMPRODUCT((ISNUMBER(SEARCH(DQ5,$C$2:$C$33))+ISNUMBER(SEARCH($C$2:$C$33,DQ5)))*(ISNUMBER(SEARCH($B$2:$B$33,'Other analyst '!B5))+ISNUMBER(SEARCH('Other analyst '!B5,$B$2:$B$33))))>0,1,0),0))} -> 0 | DU5: =IFERROR(TRIM(LEFT(IF(ISNUMBER(SEARCH("]",'Other analyst '!X5)),MID('Other analyst '!X5,SEARCH("]",'Other analyst '!X5)+1,200),'Other analyst '!X5),IFERROR(SEARCH(" (",IF(ISNUMBER(SEARCH("]",'Other analyst '!X5)),MID('Other analyst '!X5,SEARCH("]",'Other analyst '!X5)+1,200),'Other analyst '!X5))-1,LEN('Other analyst '!X5)))),"") -> Arvell Reese | DV5: =IF(DU5="",0,IF(OR(ISNUMBER(SEARCH(DU5,C5)),ISNUMBER(SEARCH(C5,DU5))),1,0)) -> 0 | DW5: {=IF(DU5="",0,IF(SUMPRODUCT((ISNUMBER(SEARCH(DU5,$C$2:$C$33))+ISNUMBER(SEARCH($C$2:$C$33,DU5))))>0,1,0))} -> 1 | DX5: 0 | DY5: =IFERROR(TRIM(LEFT(IF(ISNUMBER(SEARCH("]",'Other analyst '!Y5)),MID('Other analyst '!Y5,SEARCH("]",'Other analyst '!Y5)+1,200),'Other analyst '!Y5),IFERROR(SEARCH(" (",IF(ISNUMBER(SEARCH("]",'Other analyst '!Y5)),MID('Other analyst '!Y5,SEARCH("]",'Other analyst '!Y5)+1,200),'Other analyst '!Y5))-1,LEN('Other analyst '!Y5)))),"") -> Sonny Styles | DZ5: =IF(DY5="",0,IF(OR(ISNUMBER(SEARCH(DY5,C5)),ISNUMBER(SEARCH(C5,DY5))),1,0)) -> 0 | EA5: {=IF(DY5="",0,IF(SUMPRODUCT((ISNUMBER(SEARCH(DY5,$C$2:$C$33))+ISNUMBER(SEARCH($C$2:$C$33,DY5))))>0,1,0))} -> 1 | EB5: 0 | EC5: =IFERROR(TRIM(LEFT(IF(ISNUMBER(SEARCH("]",'Other analyst '!Z5)),MID('Other analyst '!Z5,SEARCH("]",'Other analyst '!Z5)+1,200),'Other analyst '!Z5),IFERROR(SEARCH(" (",IF(ISNUMBER(SEARCH("]",'Other analyst '!Z5)),MID('Other analyst '!Z5,SEARCH("]",'Other analyst '!Z5)+1,200),'Other analyst '!Z5))-1,LEN('Other analyst '!Z5)))),"") -> Jeremiyah Love | ED5: =IF(EC5="",0,IF(OR(ISNUMBER(SEARCH(EC5,C5)),ISNUMBER(SEARCH(C5,EC5))),1,0)) -> 0 | EE5: {=IF(EC5="",0,IF(SUMPRODUCT((ISNUMBER(SEARCH(EC5,$C$2:$C$33))+ISNUMBER(SEARCH($C$2:$C$33,EC5))))>0,1,0))} -> 1 | EF5: 0 | EG5: =IFERROR(TRIM(LEFT(IF(ISNUMBER(SEARCH("]",'Other analyst '!AA5)),MID('Other analyst '!AA5,SEARCH("]",'Other analyst '!AA5)+1,200),'Other analyst '!AA5),IFERROR(SEARCH(" (",IF(ISNUMBER(SEARCH("]",'Other analyst '!AA5)),MID('Other analyst '!AA5,SEARCH("]",'Other analyst '!AA5)+1,200),'Other analyst '!AA5))-1,LEN('Other analyst '!AA5)))),"") -> Arvell Reese | EH5: =IF(EG5="",0,IF(OR(ISNUMBER(SEARCH(EG5,C5)),ISNUMBER(SEARCH(C5,EG5))),1,0)) -> 0 | EI5: {=IF(EG5="",0,IF(SUMPRODUCT((ISNUMBER(SEARCH(EG5,$C$2:$C$33))+ISNUMBER(SEARCH($C$2:$C$33,EG5))))>0,1,0))} -> 1 | EJ5: 0 | EK5: =K5+L5+M5+N5+O5+P5+AF5+AI5+AL5+AP5+AT5+AX5+BB5+BF5+BJ5+BN5+BR5+BV5+CD5+CH5+CL5+CP5+CT5+DV5+DZ5+ED5+EH5+DN5+DR5+CX5+DB5+DF5+DJ5 -> 0
A6: 5 | B6: ='Actual nfl first round'!C6 -> Giants | C6: {=_xlfn.LET(_xlpm.actual, 'Actual nfl first round'!D6, _xlpm.analystNames, _xlfn.TOCOL($E$2:$I$33), _xlpm.mockNames, 'Colin''s Mock'!$D$2:$D$258, _xlpm.allNames, _xlfn.VSTACK(_xlpm.analystNames, _xlpm.mockNames), _xlpm.matches, _xlfn._xlws.FILTER(_xlpm.allNames, ISNUMBER(SEARCH(_xlpm.allNames, _xlpm.actual))*(LEN(_xlpm.allNames)>3), ""), IF(ISERROR(INDEX(_xlpm.matches,1)), _xlpm.actual, INDEX(_xlpm.matches,1)))} -> Arvell Reese | D6: ='Colin''s Mock'!D6 -> Sonny Styles | E6: =_xlfn.LET(_xlpm.raw, 'Other analyst '!C6, _xlpm.s, IF(LEFT(_xlpm.raw,1)="[", MID(_xlpm.raw, FIND("] ",_xlpm.raw)+2, 999), _xlpm.raw), IFERROR(TRIM(LEFT(_xlpm.s, FIND(" (",_xlpm.s)-1)), _xlpm.raw)) -> Arvell Reese | F6: =_xlfn.LET(_xlpm.raw, 'Other analyst '!D6, _xlpm.s, IF(LEFT(_xlpm.raw,1)="[", MID(_xlpm.raw, FIND("] ",_xlpm.raw)+2, 999), _xlpm.raw), IFERROR(TRIM(LEFT(_xlpm.s, FIND(" (",_xlpm.s)-1)), _xlpm.raw)) -> Caleb Downs | G6: =_xlfn.LET(_xlpm.raw, 'Other analyst '!E6, _xlpm.s, IF(LEFT(_xlpm.raw,1)="[", MID(_xlpm.raw, FIND("] ",_xlpm.raw)+2, 999), _xlpm.raw), IFERROR(TRIM(LEFT(_xlpm.s, FIND(" (",_xlpm.s)-1)), _xlpm.raw)) -> Arvell Reese | H6: =_xlfn.LET(_xlpm.raw, 'Other analyst '!F6, _xlpm.s, IF(LEFT(_xlpm.raw,1)="[", MID(_xlpm.raw, FIND("] ",_xlpm.raw)+2, 999), _xlpm.raw), IFERROR(TRIM(LEFT(_xlpm.s, FIND(" (",_xlpm.s)-1)), _xlpm.raw)) -> Jordyn Tyson | I6: =_xlfn.LET(_xlpm.raw, 'Other analyst '!G6, _xlpm.s, IF(LEFT(_xlpm.raw,1)="[", MID(_xlpm.raw, FIND("] ",_xlpm.raw)+2, 999), _xlpm.raw), IFERROR(TRIM(LEFT(_xlpm.s, FIND(" (",_xlpm.s)-1)), _xlpm.raw)) -> Sonny Styles | K6: =IF(OR(D6="", C6=""), 0, IF(OR(EXACT(TRIM(D6),TRIM(C6)), ISNUMBER(SEARCH(D6, C6)), ISNUMBER(SEARCH(C6, D6))), 1, 0)) -> 0 | L6: =IF(OR(E6="", C6=""), 0, IF(OR(EXACT(TRIM(E6),TRIM(C6)), ISNUMBER(SEARCH(E6, C6)), ISNUMBER(SEARCH(C6, E6))), 1, 0)) -> 1 | M6: =IF(OR(F6="", C6=""), 0, IF(OR(EXACT(TRIM(F6),TRIM(C6)), ISNUMBER(SEARCH(F6, C6)), ISNUMBER(SEARCH(C6, F6))), 1, 0)) -> 0 | N6: =IF(OR(G6="", C6=""), 0, IF(OR(EXACT(TRIM(G6),TRIM(C6)), ISNUMBER(SEARCH(G6, C6)), ISNUMBER(SEARCH(C6, G6))), 1, 0)) -> 1 | O6: =IF(OR(H6="", C6=""), 0, IF(OR(EXACT(TRIM(H6),TRIM(C6)), ISNUMBER(SEARCH(H6, C6)), ISNUMBER(SEARCH(C6, H6))), 1, 0)) -> 0 | P6: =IF(OR(I6="", C6=""), 0, IF(OR(EXACT(TRIM(I6),TRIM(C6)), ISNUMBER(SEARCH(I6, C6)), ISNUMBER(SEARCH(C6, I6))), 1, 0)) -> 0 | Q6: {=IF(D6="", 0, IF(SUMPRODUCT(--(ISNUMBER(SEARCH(D6, $C$2:$C$33)) + ISNUMBER(SEARCH($C$2:$C$33, D6))))>0, 1, 0))} -> 1 | R6: {=IF(E6="", 0, IF(SUMPRODUCT(--(ISNUMBER(SEARCH(E6, $C$2:$C$33)) + ISNUMBER(SEARCH($C$2:$C$33, E6))))>0, 1, 0))} -> 1 | S6: {=IF(F6="", 0, IF(SUMPRODUCT(--(ISNUMBER(SEARCH(F6, $C$2:$C$33)) + ISNUMBER(SEARCH($C$2:$C$33, F6))))>0, 1, 0))} -> 1 | T6: {=IF(G6="", 0, IF(SUMPRODUCT(--(ISNUMBER(SEARCH(G6, $C$2:$C$33)) + ISNUMBER(SEARCH($C$2:$C$33, G6))))>0, 1, 0))} -> 1 | U6: {=IF(H6="", 0, IF(SUMPRODUCT(--(ISNUMBER(SEARCH(H6, $C$2:$C$33)) + ISNUMBER(SEARCH($C$2:$C$33, H6))))>0, 1, 0))} -> 1 | V6: {=IF(I6="", 0, IF(SUMPRODUCT(--(ISNUMBER(SEARCH(I6, $C$2:$C$33)) + ISNUMBER(SEARCH($C$2:$C$33, I6))))>0, 1, 0))} -> 1 | W6: {=IF(D6="",0,IF(SUMPRODUCT((ISNUMBER(SEARCH(D6,$C$2:$C$33))+ISNUMBER(SEARCH($C$2:$C$33,D6)))*($B$2:$B$33=$B6))>0,1,0))} -> 0 | X6: {=IF(E6="",0,IF(SUMPRODUCT((ISNUMBER(SEARCH(E6,$C$2:$C$33))+ISNUMBER(SEARCH($C$2:$C$33,E6)))*($B$2:$B$33=$B6))>0,1,0))} -> 1 | Y6: {=IF(F6="",0,IF(SUMPRODUCT((ISNUMBER(SEARCH(F6,$C$2:$C$33))+ISNUMBER(SEARCH($C$2:$C$33,F6)))*($B$2:$B$33=$B6))>0,1,0))} -> 0 | Z6: {=IF(G6="",0,IF(SUMPRODUCT((ISNUMBER(SEARCH(G6,$C$2:$C$33))+ISNUMBER(SEARCH($C$2:$C$33,G6)))*($B$2:$B$33=$B6))>0,1,0))} -> 1 | AA6: {=IF(H6="",0,IF(SUMPRODUCT((ISNUMBER(SEARCH(H6,$C$2:$C$33))+ISNUMBER(SEARCH($C$2:$C$33,H6)))*($B$2:$B$33=$B6))>0,1,0))} -> 0 | AB6: {=IF(I6="",0,IF(SUMPRODUCT((ISNUMBER(SEARCH(I6,$C$2:$C$33))+ISNUMBER(SEARCH($C$2:$C$33,I6)))*($B$2:$B$33=$B6))>0,1,0))} -> 0 | AC6: Jeremiyah Love | AD6: Caleb Downs | AE6: Sonny Styles | AF6: =IF(AC6="",0,IF((ISNUMBER(SEARCH(AC6,C6))+ISNUMBER(SEARCH(C6,AC6)))>0,1,0)) -> 0 | AG6: {=IF(AC6="",0,IF(SUMPRODUCT((ISNUMBER(SEARCH(AC6,$C$2:$C$33))+ISNUMBER(SEARCH($C$2:$C$33,AC6))))>0,1,0))} -> 1 | AH6: {=IF(AC6="",0,IF(SUMPRODUCT((ISNUMBER(SEARCH(AC6,$C$2:$C$33))+ISNUMBER(SEARCH($C$2:$C$33,AC6)))*($B$2:$B$33=$B6))>0,1,0))} -> 0 | AI6: =IF(AD6="",0,IF((ISNUMBER(SEARCH(AD6,C6))+ISNUMBER(SEARCH(C6,AD6)))>0,1,0)) -> 0 | AJ6: {=IF(AD6="",0,IF(SUMPRODUCT((ISNUMBER(SEARCH(AD6,$C$2:$C$33))+ISNUMBER(SEARCH($C$2:$C$33,AD6))))>0,1,0))} -> 1 | AK6: {=IF(AD6="",0,IF(SUMPRODUCT((ISNUMBER(SEARCH(AD6,$C$2:$C$33))+ISNUMBER(SEARCH($C$2:$C$33,AD6)))*($B$2:$B$33=$B6))>0,1,0))} -> 0 | AL6: =IF(AE6="",0,IF((ISNUMBER(SEARCH(AE6,C6))+ISNUMBER(SEARCH(C6,AE6)))>0,1,0)) -> 0 | AM6: {=IF(AE6="",0,IF(SUMPRODUCT((ISNUMBER(SEARCH(AE6,$C$2:$C$33))+ISNUMBER(SEARCH($C$2:$C$33,AE6))))>0,1,0))} -> 1 | AN6: {=IF(AE6="",0,IF(SUMPRODUCT((ISNUMBER(SEARCH(AE6,$C$2:$C$33))+ISNUMBER(SEARCH($C$2:$C$33,AE6)))*($B$2:$B$33=$B6))>0,1,0))} -> 0 | AO6: {=_xlfn.LET(_xlpm.raw,'Other analyst '!K6,_xlpm.mockNames,'Colin''s Mock'!$D$2:$D$258,_xlpm.analystNames,_xlfn.TOCOL($E$2:$I$33),_xlpm.newNames,_xlfn.TOCOL('Other analyst '!$K$2:$R$33),_xlpm.allNames,_xlfn.VSTACK(_xlpm.mockNames,_xlpm.analystNames,_xlpm.newNames),_xlpm.matches,_xlfn._xlws.FILTER(_xlpm.allNames,ISNUMBER(SEARCH(_xlpm.allNames,_xlpm.raw))*(LEN(_xlpm.allNames)>3),""),IF(ISERROR(INDEX(_xlpm.matches,1)),_xlpm.raw,INDEX(_xlpm.matches,1)))} -> Jordyn Tyson | AP6: =IF(OR(AO6="",AO6=0),0,IF(OR(ISNUMBER(SEARCH(AO6,$C6)),ISNUMBER(SEARCH($C6,AO6))),1,0)) -> 0 | AQ6: {=IF(OR(AO6="",AO6=0),0,IF(SUMPRODUCT(--(ISNUMBER(SEARCH(AO6,$C$2:$C$33))+ISNUMBER(SEARCH($C$2:$C$33,AO6))))>0,1,0))} -> 1 | AR6: {=IF(OR(AO6="",AO6=0),0,IF(SUMPRODUCT((ISNUMBER(SEARCH(AO6,$C$2:$C$33))+ISNUMBER(SEARCH($C$2:$C$33,AO6)))*($B$2:$B$33=$B6))>0,1,0))} -> 0 | AS6: {=_xlfn.LET(_xlpm.raw,'Other analyst '!L6,_xlpm.mockNames,'Colin''s Mock'!$D$2:$D$258,_xlpm.analystNames,_xlfn.TOCOL($E$2:$I$33),_xlpm.newNames,_xlfn.TOCOL('Other analyst '!$K$2:$R$33),_xlpm.allNames,_xlfn.VSTACK(_xlpm.mockNames,_xlpm.analystNames,_xlpm.newNames),_xlpm.matches,_xlfn._xlws.FILTER(_xlpm.allNames,ISNUMBER(SEARCH(_xlpm.allNames,_xlpm.raw))*(LEN(_xlpm.allNames)>3),""),IF(ISERROR(INDEX(_xlpm.matches,1)),_xlpm.raw,INDEX(_xlpm.matches,1)))} -> Caleb Downs | AT6: =IF(OR(AS6="",AS6=0),0,IF(OR(ISNUMBER(SEARCH(AS6,$C6)),ISNUMBER(SEARCH($C6,AS6))),1,0)) -> 0 | AU6: {=IF(OR(AS6="",AS6=0),0,IF(SUMPRODUCT(--(ISNUMBER(SEARCH(AS6,$C$2:$C$33))+ISNUMBER(SEARCH($C$2:$C$33,AS6))))>0,1,0))} -> 1 | AV6: {=IF(OR(AS6="",AS6=0),0,IF(SUMPRODUCT((ISNUMBER(SEARCH(AS6,$C$2:$C$33))+ISNUMBER(SEARCH($C$2:$C$33,AS6)))*($B$2:$B$33=$B6))>0,1,0))} -> 0 | AW6: {=_xlfn.LET(_xlpm.raw,'Other analyst '!M6,_xlpm.mockNames,'Colin''s Mock'!$D$2:$D$258,_xlpm.analystNames,_xlfn.TOCOL($E$2:$I$33),_xlpm.newNames,_xlfn.TOCOL('Other analyst '!$K$2:$R$33),_xlpm.allNames,_xlfn.VSTACK(_xlpm.mockNames,_xlpm.analystNames,_xlpm.newNames),_xlpm.matches,_xlfn._xlws.FILTER(_xlpm.allNames,ISNUMBER(SEARCH(_xlpm.allNames,_xlpm.raw))*(LEN(_xlpm.allNames)>3),""),IF(ISERROR(INDEX(_xlpm.matches,1)),_xlpm.raw,INDEX(_xlpm.matches,1)))} -> Caleb Downs | AX6: =IF(OR(AW6="",AW6=0),0,IF(OR(ISNUMBER(SEARCH(AW6,$C6)),ISNUMBER(SEARCH($C6,AW6))),1,0)) -> 0 | AY6: {=IF(OR(AW6="",AW6=0),0,IF(SUMPRODUCT(--(ISNUMBER(SEARCH(AW6,$C$2:$C$33))+ISNUMBER(SEARCH($C$2:$C$33,AW6))))>0,1,0))} -> 1 | AZ6: {=IF(OR(AW6="",AW6=0),0,IF(SUMPRODUCT((ISNUMBER(SEARCH(AW6,$C$2:$C$33))+ISNUMBER(SEARCH($C$2:$C$33,AW6)))*($B$2:$B$33=$B6))>0,1,0))} -> 0 | BA6: {=_xlfn.LET(_xlpm.raw,'Other analyst '!N6,_xlpm.mockNames,'Colin''s Mock'!$D$2:$D$258,_xlpm.analystNames,_xlfn.TOCOL($E$2:$I$33),_xlpm.newNames,_xlfn.TOCOL('Other analyst '!$K$2:$R$33),_xlpm.allNames,_xlfn.VSTACK(_xlpm.mockNames,_xlpm.analystNames,_xlpm.newNames),_xlpm.matches,_xlfn._xlws.FILTER(_xlpm.allNames,ISNUMBER(SEARCH(_xlpm.allNames,_xlpm.raw))*(LEN(_xlpm.allNames)>3),""),IF(ISERROR(INDEX(_xlpm.matches,1)),_xlpm.raw,INDEX(_xlpm.matches,1)))} -> Caleb Downs | BB6: =IF(OR(BA6="",BA6=0),0,IF(OR(ISNUMBER(SEARCH(BA6,$C6)),ISNUMBER(SEARCH($C6,BA6))),1,0)) -> 0 | BC6: {=IF(OR(BA6="",BA6=0),0,IF(SUMPRODUCT(--(ISNUMBER(SEARCH(BA6,$C$2:$C$33))+ISNUMBER(SEARCH($C$2:$C$33,BA6))))>0,1,0))} -> 1 | BD6: {=IF(OR(BA6="",BA6=0),0,IF(SUMPRODUCT((ISNUMBER(SEARCH(BA6,$C$2:$C$33))+ISNUMBER(SEARCH($C$2:$C$33,BA6)))*($B$2:$B$33=$B6))>0,1,0))} -> 0 | BE6: {=_xlfn.LET(_xlpm.raw,'Other analyst '!O6,_xlpm.mockNames,'Colin''s Mock'!$D$2:$D$258,_xlpm.analystNames,_xlfn.TOCOL($E$2:$I$33),_xlpm.newNames,_xlfn.TOCOL('Other analyst '!$K$2:$R$33),_xlpm.allNames,_xlfn.VSTACK(_xlpm.mockNames,_xlpm.analystNames,_xlpm.newNames),_xlpm.matches,_xlfn._xlws.FILTER(_xlpm.allNames,ISNUMBER(SEARCH(_xlpm.allNames,_xlpm.raw))*(LEN(_xlpm.allNames)>3),""),IF(ISERROR(INDEX(_xlpm.matches,1)),_xlpm.raw,INDEX(_xlpm.matches,1)))} -> Jordyn Tyson | BF6: =IF(OR(BE6="",BE6=0),0,IF(OR(ISNUMBER(SEARCH(BE6,$C6)),ISNUMBER(SEARCH($C6,BE6))),1,0)) -> 0 | BG6: {=IF(OR(BE6="",BE6=0),0,IF(SUMPRODUCT(--(ISNUMBER(SEARCH(BE6,$C$2:$C$33))+ISNUMBER(SEARCH($C$2:$C$33,BE6))))>0,1,0))} -> 1 | BH6: {=IF(OR(BE6="",BE6=0),0,IF(SUMPRODUCT((ISNUMBER(SEARCH(BE6,$C$2:$C$33))+ISNUMBER(SEARCH($C$2:$C$33,BE6)))*($B$2:$B$33=$B6))>0,1,0))} -> 0 | BI6: {=_xlfn.LET(_xlpm.raw,'Other analyst '!P6,_xlpm.mockNames,'Colin''s Mock'!$D$2:$D$258,_xlpm.analystNames,_xlfn.TOCOL($E$2:$I$33),_xlpm.newNames,_xlfn.TOCOL('Other analyst '!$K$2:$R$33),_xlpm.allNames,_xlfn.VSTACK(_xlpm.mockNames,_xlpm.analystNames,_xlpm.newNames),_xlpm.matches,_xlfn._xlws.FILTER(_xlpm.allNames,ISNUMBER(SEARCH(_xlpm.allNames,_xlpm.raw))*(LEN(_xlpm.allNames)>3),""),IF(ISERROR(INDEX(_xlpm.matches,1)),_xlpm.raw,INDEX(_xlpm.matches,1)))} -> Sonny Styles | BJ6: =IF(OR(BI6="",BI6=0),0,IF(OR(ISNUMBER(SEARCH(BI6,$C6)),ISNUMBER(SEARCH($C6,BI6))),1,0)) -> 0 | BK6: {=IF(OR(BI6="",BI6=0),0,IF(SUMPRODUCT(--(ISNUMBER(SEARCH(BI6,$C$2:$C$33))+ISNUMBER(SEARCH($C$2:$C$33,BI6))))>0,1,0))} -> 1 | BL6: {=IF(OR(BI6="",BI6=0),0,IF(SUMPRODUCT((ISNUMBER(SEARCH(BI6,$C$2:$C$33))+ISNUMBER(SEARCH($C$2:$C$33,BI6)))*($B$2:$B$33=$B6))>0,1,0))} -> 0 | BM6: {=_xlfn.LET(_xlpm.raw,'Other analyst '!Q6,_xlpm.mockNames,'Colin''s Mock'!$D$2:$D$258,_xlpm.analystNames,_xlfn.TOCOL($E$2:$I$33),_xlpm.newNames,_xlfn.TOCOL('Other analyst '!$K$2:$R$33),_xlpm.allNames,_xlfn.VSTACK(_xlpm.mockNames,_xlpm.analystNames,_xlpm.newNames),_xlpm.matches,_xlfn._xlws.FILTER(_xlpm.allNames,ISNUMBER(SEARCH(_xlpm.allNames,_xlpm.raw))*(LEN(_xlpm.allNames)>3),""),IF(ISERROR(INDEX(_xlpm.matches,1)),_xlpm.raw,INDEX(_xlpm.matches,1)))} -> Sonny Styles | BN6: =IF(OR(BM6="",BM6=0),0,IF(OR(ISNUMBER(SEARCH(BM6,$C6)),ISNUMBER(SEARCH($C6,BM6))),1,0)) -> 0 | BO6: {=IF(OR(BM6="",BM6=0),0,IF(SUMPRODUCT(--(ISNUMBER(SEARCH(BM6,$C$2:$C$33))+ISNUMBER(SEARCH($C$2:$C$33,BM6))))>0,1,0))} -> 1 | BP6: {=IF(OR(BM6="",BM6=0),0,IF(SUMPRODUCT((ISNUMBER(SEARCH(BM6,$C$2:$C$33))+ISNUMBER(SEARCH($C$2:$C$33,BM6)))*($B$2:$B$33=$B6))>0,1,0))} -> 0 | BQ6: {=_xlfn.LET(_xlpm.raw,'Other analyst '!R6,_xlpm.mockNames,'Colin''s Mock'!$D$2:$D$258,_xlpm.analystNames,_xlfn.TOCOL($E$2:$I$33),_xlpm.newNames,_xlfn.TOCOL('Other analyst '!$K$2:$R$33),_xlpm.allNames,_xlfn.VSTACK(_xlpm.mockNames,_xlpm.analystNames,_xlpm.newNames),_xlpm.matches,_xlfn._xlws.FILTER(_xlpm.allNames,ISNUMBER(SEARCH(_xlpm.allNames,_xlpm.raw))*(LEN(_xlpm.allNames)>3),""),IF(ISERROR(INDEX(_xlpm.matches,1)),_xlpm.raw,INDEX(_xlpm.matches,1)))} -> Jeremiyah Love | BR6: =IF(OR(BQ6="",BQ6=0),0,IF(OR(ISNUMBER(SEARCH(BQ6,$C6)),ISNUMBER(SEARCH($C6,BQ6))),1,0)) -> 0 | BS6: {=IF(OR(BQ6="",BQ6=0),0,IF(SUMPRODUCT(--(ISNUMBER(SEARCH(BQ6,$C$2:$C$33))+ISNUMBER(SEARCH($C$2:$C$33,BQ6))))>0,1,0))} -> 1 | BT6: {=IF(OR(BQ6="",BQ6=0),0,IF(SUMPRODUCT((ISNUMBER(SEARCH(BQ6,$C$2:$C$33))+ISNUMBER(SEARCH($C$2:$C$33,BQ6)))*($B$2:$B$33=$B6))>0,1,0))} -> 0 | BU6: ='Colin Mock wTrade'!D6 -> Sonny Styles | BV6: =IF(BU6="",0,IF(OR(ISNUMBER(SEARCH(BU6,C6)),ISNUMBER(SEARCH(C6,BU6))),1,0)) -> 0 | BW6: {=IF(BU6="",0,IF(SUMPRODUCT(--(ISNUMBER(SEARCH(BU6,$C$2:$C$33))+ISNUMBER(SEARCH($C$2:$C$33,BU6))))>0,1,0))} -> 1 | BX6: {=IF(BU6="",0,IFERROR(IF(SUMPRODUCT((ISNUMBER(SEARCH(BU6,$C$2:$C$33))+ISNUMBER(SEARCH($C$2:$C$33,BU6)))*($B$2:$B$33=VLOOKUP('Colin Mock wTrade'!C6,$CA$1:$CB$32,2,FALSE)))>0,1,0),0))} -> 0 | CA6: CLE | CB6: Browns | CC6: ='Other analyst '!S6 -> Jeremiyah Love | CD6: =IF(CC6="",0,IF(OR(ISNUMBER(SEARCH(CC6,C6)),ISNUMBER(SEARCH(C6,CC6))),1,0)) -> 0 | CE6: {=IF(CC6="",0,IF(SUMPRODUCT(--(ISNUMBER(SEARCH(CC6,$C$2:$C$33))+ISNUMBER(SEARCH($C$2:$C$33,CC6))))>0,1,0))} -> 1 | CF6: {=IF(CC6="",0,IF(SUMPRODUCT((ISNUMBER(SEARCH(CC6,$C$2:$C$33))+ISNUMBER(SEARCH($C$2:$C$33,CC6)))*($B$2:$B$33=$B6))>0,1,0))} -> 0 | CG6: ='Other analyst '!T6 -> Caleb Downs | CH6: =IF(CG6="",0,IF(OR(ISNUMBER(SEARCH(CG6,C6)),ISNUMBER(SEARCH(C6,CG6))),1,0)) -> 0 | CI6: {=IF(CG6="",0,IF(SUMPRODUCT(--(ISNUMBER(SEARCH(CG6,$C$2:$C$33))+ISNUMBER(SEARCH($C$2:$C$33,CG6))))>0,1,0))} -> 1 | CJ6: {=IF(CG6="",0,IF(SUMPRODUCT((ISNUMBER(SEARCH(CG6,$C$2:$C$33))+ISNUMBER(SEARCH($C$2:$C$33,CG6)))*($B$2:$B$33=$B6))>0,1,0))} -> 0 | CK6: ='Other analyst '!U6 -> Sonny Styles | CL6: =IF(CK6="",0,IF(OR(ISNUMBER(SEARCH(CK6,C6)),ISNUMBER(SEARCH(C6,CK6))),1,0)) -> 0 | CM6: {=IF(CK6="",0,IF(SUMPRODUCT(--(ISNUMBER(SEARCH(CK6,$C$2:$C$33))+ISNUMBER(SEARCH($C$2:$C$33,CK6))))>0,1,0))} -> 1 | CN6: {=IF(CK6="",0,IF(SUMPRODUCT((ISNUMBER(SEARCH(CK6,$C$2:$C$33))+ISNUMBER(SEARCH($C$2:$C$33,CK6)))*($B$2:$B$33=$B6))>0,1,0))} -> 0 | CO6: ='Other analyst '!V6 -> Cam Coleman | CP6: =IF(CO6="",0,IF(OR(ISNUMBER(SEARCH(CO6,C6)),ISNUMBER(SEARCH(C6,CO6))),1,0)) -> 0 | CQ6: {=IF(CO6="",0,IF(SUMPRODUCT(--(ISNUMBER(SEARCH(CO6,$C$2:$C$33))+ISNUMBER(SEARCH($C$2:$C$33,CO6))))>0,1,0))} -> 0 | CR6: {=IF(CO6="",0,IF(SUMPRODUCT((ISNUMBER(SEARCH(CO6,$C$2:$C$33))+ISNUMBER(SEARCH($C$2:$C$33,CO6)))*($B$2:$B$33=$B6))>0,1,0))} -> 0 | CS6: ='Other analyst '!W6 -> Sonny Styles | CT6: =IF(CS6="",0,IF(OR(ISNUMBER(SEARCH(CS6,C6)),ISNUMBER(SEARCH(C6,CS6))),1,0)) -> 0 | CU6: {=IF(CS6="",0,IF(SUMPRODUCT(--(ISNUMBER(SEARCH(CS6,$C$2:$C$33))+ISNUMBER(SEARCH($C$2:$C$33,CS6))))>0,1,0))} -> 1 | CV6: {=IF(CS6="",0,IFERROR(IF(SUMPRODUCT((ISNUMBER(SEARCH(CS6,$C$2:$C$33))+ISNUMBER(SEARCH($C$2:$C$33,CS6)))*(ISNUMBER(SEARCH($B$2:$B$33,'Other analyst '!B6))+ISNUMBER(SEARCH('Other analyst '!B6,$B$2:$B$33))))>0,1,0),0))} -> 0 | CW6: ='Other analyst '!AD6 -> Arvell Reese | CX6: =IF(CW6="",0,IF(OR(ISNUMBER(SEARCH(CW6,C6)),ISNUMBER(SEARCH(C6,CW6))),1,0)) -> 1 | CY6: {=IF(CW6="",0,IF(SUMPRODUCT(--(ISNUMBER(SEARCH(CW6,$C$2:$C$33))+ISNUMBER(SEARCH($C$2:$C$33,CW6))))>0,1,0))} -> 1 | CZ6: {=IF(CW6="",0,IF(SUMPRODUCT((ISNUMBER(SEARCH(CW6,$C$2:$C$33))+ISNUMBER(SEARCH($C$2:$C$33,CW6)))*($B$2:$B$33=$B6))>0,1,0))} -> 1 | DA6: ='Other analyst '!AE6 -> Jeremiyah Love | DB6: =IF(DA6="",0,IF(OR(ISNUMBER(SEARCH(DA6,C6)),ISNUMBER(SEARCH(C6,DA6))),1,0)) -> 0 | DC6: {=IF(DA6="",0,IF(SUMPRODUCT(--(ISNUMBER(SEARCH(DA6,$C$2:$C$33))+ISNUMBER(SEARCH($C$2:$C$33,DA6))))>0,1,0))} -> 1 | DD6: {=IF(DA6="",0,IF(SUMPRODUCT((ISNUMBER(SEARCH(DA6,$C$2:$C$33))+ISNUMBER(SEARCH($C$2:$C$33,DA6)))*($B$2:$B$33=$B6))>0,1,0))} -> 0 | DE6: ='Other analyst '!AF6 -> Carnell Tate | DF6: =IF(DE6="",0,IF(OR(ISNUMBER(SEARCH(DE6,C6)),ISNUMBER(SEARCH(C6,DE6))),1,0)) -> 0 | DG6: {=IF(DE6="",0,IF(SUMPRODUCT(--(ISNUMBER(SEARCH(DE6,$C$2:$C$33))+ISNUMBER(SEARCH($C$2:$C$33,DE6))))>0,1,0))} -> 1 | DH6: {=IF(DE6="",0,IF(SUMPRODUCT((ISNUMBER(SEARCH(DE6,$C$2:$C$33))+ISNUMBER(SEARCH($C$2:$C$33,DE6)))*($B$2:$B$33=$B6))>0,1,0))} -> 0 | DI6: ='Other analyst '!AG6 -> Caleb Downs | DJ6: =IF(DI6="",0,IF(OR(ISNUMBER(SEARCH(DI6,C6)),ISNUMBER(SEARCH(C6,DI6))),1,0)) -> 0 | DK6: {=IF(DI6="",0,IF(SUMPRODUCT(--(ISNUMBER(SEARCH(DI6,$C$2:$C$33))+ISNUMBER(SEARCH($C$2:$C$33,DI6))))>0,1,0))} -> 1 | DL6: {=IF(DI6="",0,IF(SUMPRODUCT((ISNUMBER(SEARCH(DI6,$C$2:$C$33))+ISNUMBER(SEARCH($C$2:$C$33,DI6)))*($B$2:$B$33=$B6))>0,1,0))} -> 0 | DM6: ='Other analyst '!AB6 -> Jordyn Tyson | DN6: =IF(DM6="",0,IF(OR(ISNUMBER(SEARCH(DM6,C6)),ISNUMBER(SEARCH(C6,DM6))),1,0)) -> 0 | DO6: {=IF(DM6="",0,IF(SUMPRODUCT(--(ISNUMBER(SEARCH(DM6,$C$2:$C$33))+ISNUMBER(SEARCH($C$2:$C$33,DM6))))>0,1,0))} -> 1 | DP6: {=IF(DM6="",0,IFERROR(IF(SUMPRODUCT((ISNUMBER(SEARCH(DM6,$C$2:$C$33))+ISNUMBER(SEARCH($C$2:$C$33,DM6)))*(ISNUMBER(SEARCH($B$2:$B$33,'Other analyst '!B6))+ISNUMBER(SEARCH('Other analyst '!B6,$B$2:$B$33))))>0,1,0),0))} -> 0 | DQ6: ='Other analyst '!AC6 -> Sonny Styles | DR6: =IF(DQ6="",0,IF(OR(ISNUMBER(SEARCH(DQ6,C6)),ISNUMBER(SEARCH(C6,DQ6))),1,0)) -> 0 | DS6: {=IF(DQ6="",0,IF(SUMPRODUCT(--(ISNUMBER(SEARCH(DQ6,$C$2:$C$33))+ISNUMBER(SEARCH($C$2:$C$33,DQ6))))>0,1,0))} -> 1 | DT6: {=IF(DQ6="",0,IFERROR(IF(SUMPRODUCT((ISNUMBER(SEARCH(DQ6,$C$2:$C$33))+ISNUMBER(SEARCH($C$2:$C$33,DQ6)))*(ISNUMBER(SEARCH($B$2:$B$33,'Other analyst '!B6))+ISNUMBER(SEARCH('Other analyst '!B6,$B$2:$B$33))))>0,1,0),0))} -> 0 | DU6: =IFERROR(TRIM(LEFT(IF(ISNUMBER(SEARCH("]",'Other analyst '!X6)),MID('Other analyst '!X6,SEARCH("]",'Other analyst '!X6)+1,200),'Other analyst '!X6),IFERROR(SEARCH(" (",IF(ISNUMBER(SEARCH("]",'Other analyst '!X6)),MID('Other analyst '!X6,SEARCH("]",'Other analyst '!X6)+1,200),'Other analyst '!X6))-1,LEN('Other analyst '!X6)))),"") -> Jordyn Tyson | DV6: =IF(DU6="",0,IF(OR(ISNUMBER(SEARCH(DU6,C6)),ISNUMBER(SEARCH(C6,DU6))),1,0)) -> 0 | DW6: {=IF(DU6="",0,IF(SUMPRODUCT((ISNUMBER(SEARCH(DU6,$C$2:$C$33))+ISNUMBER(SEARCH($C$2:$C$33,DU6))))>0,1,0))} -> 1 | DX6: 0 | DY6: =IFERROR(TRIM(LEFT(IF(ISNUMBER(SEARCH("]",'Other analyst '!Y6)),MID('Other analyst '!Y6,SEARCH("]",'Other analyst '!Y6)+1,200),'Other analyst '!Y6),IFERROR(SEARCH(" (",IF(ISNUMBER(SEARCH("]",'Other analyst '!Y6)),MID('Other analyst '!Y6,SEARCH("]",'Other analyst '!Y6)+1,200),'Other analyst '!Y6))-1,LEN('Other analyst '!Y6)))),"") -> Jordyn Tyson | DZ6: =IF(DY6="",0,IF(OR(ISNUMBER(SEARCH(DY6,C6)),ISNUMBER(SEARCH(C6,DY6))),1,0)) -> 0 | EA6: {=IF(DY6="",0,IF(SUMPRODUCT((ISNUMBER(SEARCH(DY6,$C$2:$C$33))+ISNUMBER(SEARCH($C$2:$C$33,DY6))))>0,1,0))} -> 1 | EB6: 0 | EC6: =IFERROR(TRIM(LEFT(IF(ISNUMBER(SEARCH("]",'Other analyst '!Z6)),MID('Other analyst '!Z6,SEARCH("]",'Other analyst '!Z6)+1,200),'Other analyst '!Z6),IFERROR(SEARCH(" (",IF(ISNUMBER(SEARCH("]",'Other analyst '!Z6)),MID('Other analyst '!Z6,SEARCH("]",'Other analyst '!Z6)+1,200),'Other analyst '!Z6))-1,LEN('Other analyst '!Z6)))),"") -> Francis Mauigoa | ED6: =IF(EC6="",0,IF(OR(ISNUMBER(SEARCH(EC6,C6)),ISNUMBER(SEARCH(C6,EC6))),1,0)) -> 0 | EE6: {=IF(EC6="",0,IF(SUMPRODUCT((ISNUMBER(SEARCH(EC6,$C$2:$C$33))+ISNUMBER(SEARCH($C$2:$C$33,EC6))))>0,1,0))} -> 1 | EF6: 0 | EG6: =IFERROR(TRIM(LEFT(IF(ISNUMBER(SEARCH("]",'Other analyst '!AA6)),MID('Other analyst '!AA6,SEARCH("]",'Other analyst '!AA6)+1,200),'Other analyst '!AA6),IFERROR(SEARCH(" (",IF(ISNUMBER(SEARCH("]",'Other analyst '!AA6)),MID('Other analyst '!AA6,SEARCH("]",'Other analyst '!AA6)+1,200),'Other analyst '!AA6))-1,LEN('Other analyst '!AA6)))),"") -> Jordyn Tyson | EH6: =IF(EG6="",0,IF(OR(ISNUMBER(SEARCH(EG6,C6)),ISNUMBER(SEARCH(C6,EG6))),1,0)) -> 0 | EI6: {=IF(EG6="",0,IF(SUMPRODUCT((ISNUMBER(SEARCH(EG6,$C$2:$C$33))+ISNUMBER(SEARCH($C$2:$C$33,EG6))))>0,1,0))} -> 1 | EJ6: 0 | EK6: =K6+L6+M6+N6+O6+P6+AF6+AI6+AL6+AP6+AT6+AX6+BB6+BF6+BJ6+BN6+BR6+BV6+CD6+CH6+CL6+CP6+CT6+DV6+DZ6+ED6+EH6+DN6+DR6+CX6+DB6+DF6+DJ6 -> 3
A7: 6 | B7: ='Actual nfl first round'!C7 -> Chiefs | C7: {=_xlfn.LET(_xlpm.actual, 'Actual nfl first round'!D7, _xlpm.analystNames, _xlfn.TOCOL($E$2:$I$33), _xlpm.mockNames, 'Colin''s Mock'!$D$2:$D$258, _xlpm.allNames, _xlfn.VSTACK(_xlpm.analystNames, _xlpm.mockNames), _xlpm.matches, _xlfn._xlws.FILTER(_xlpm.allNames, ISNUMBER(SEARCH(_xlpm.allNames, _xlpm.actual))*(LEN(_xlpm.allNames)>3), ""), IF(ISERROR(INDEX(_xlpm.matches,1)), _xlpm.actual, INDEX(_xlpm.matches,1)))} -> Mansoor Delane | D7: ='Colin''s Mock'!D7 -> Francis Mauigoa | E7: =_xlfn.LET(_xlpm.raw, 'Other analyst '!C7, _xlpm.s, IF(LEFT(_xlpm.raw,1)="[", MID(_xlpm.raw, FIND("] ",_xlpm.raw)+2, 999), _xlpm.raw), IFERROR(TRIM(LEFT(_xlpm.s, FIND(" (",_xlpm.s)-1)), _xlpm.raw)) -> Monroe Freeling | F7: =_xlfn.LET(_xlpm.raw, 'Other analyst '!D7, _xlpm.s, IF(LEFT(_xlpm.raw,1)="[", MID(_xlpm.raw, FIND("] ",_xlpm.raw)+2, 999), _xlpm.raw), IFERROR(TRIM(LEFT(_xlpm.s, FIND(" (",_xlpm.s)-1)), _xlpm.raw)) -> Sonny Styles | G7: =_xlfn.LET(_xlpm.raw, 'Other analyst '!E7, _xlpm.s, IF(LEFT(_xlpm.raw,1)="[", MID(_xlpm.raw, FIND("] ",_xlpm.raw)+2, 999), _xlpm.raw), IFERROR(TRIM(LEFT(_xlpm.s, FIND(" (",_xlpm.s)-1)), _xlpm.raw)) -> Spencer Fano | H7: =_xlfn.LET(_xlpm.raw, 'Other analyst '!F7, _xlpm.s, IF(LEFT(_xlpm.raw,1)="[", MID(_xlpm.raw, FIND("] ",_xlpm.raw)+2, 999), _xlpm.raw), IFERROR(TRIM(LEFT(_xlpm.s, FIND(" (",_xlpm.s)-1)), _xlpm.raw)) -> Francis Mauigoa | I7: =_xlfn.LET(_xlpm.raw, 'Other analyst '!G7, _xlpm.s, IF(LEFT(_xlpm.raw,1)="[", MID(_xlpm.raw, FIND("] ",_xlpm.raw)+2, 999), _xlpm.raw), IFERROR(TRIM(LEFT(_xlpm.s, FIND(" (",_xlpm.s)-1)), _xlpm.raw)) -> Carnell Tate | K7: =IF(OR(D7="", C7=""), 0, IF(OR(EXACT(TRIM(D7),TRIM(C7)), ISNUMBER(SEARCH(D7, C7)), ISNUMBER(SEARCH(C7, D7))), 1, 0)) -> 0 | L7: =IF(OR(E7="", C7=""), 0, IF(OR(EXACT(TRIM(E7),TRIM(C7)), ISNUMBER(SEARCH(E7, C7)), ISNUMBER(SEARCH(C7, E7))), 1, 0)) -> 0 | M7: =IF(OR(F7="", C7=""), 0, IF(OR(EXACT(TRIM(F7),TRIM(C7)), ISNUMBER(SEARCH(F7, C7)), ISNUMBER(SEARCH(C7, F7))), 1, 0)) -> 0 | N7: =IF(OR(G7="", C7=""), 0, IF(OR(EXACT(TRIM(G7),TRIM(C7)), ISNUMBER(SEARCH(G7, C7)), ISNUMBER(SEARCH(C7, G7))), 1, 0)) -> 0 | O7: =IF(OR(H7="", C7=""), 0, IF(OR(EXACT(TRIM(H7),TRIM(C7)), ISNUMBER(SEARCH(H7, C7)), ISNUMBER(SEARCH(C7, H7))), 1, 0)) -> 0 | P7: =IF(OR(I7="", C7=""), 0, IF(OR(EXACT(TRIM(I7),TRIM(C7)), ISNUMBER(SEARCH(I7, C7)), ISNUMBER(SEARCH(C7, I7))), 1, 0)) -> 0 | Q7: {=IF(D7="", 0, IF(SUMPRODUCT(--(ISNUMBER(SEARCH(D7, $C$2:$C$33)) + ISNUMBER(SEARCH($C$2:$C$33, D7))))>0, 1, 0))} -> 1 | R7: {=IF(E7="", 0, IF(SUMPRODUCT(--(ISNUMBER(SEARCH(E7, $C$2:$C$33)) + ISNUMBER(SEARCH($C$2:$C$33, E7))))>0, 1, 0))} -> 1 | S7: {=IF(F7="", 0, IF(SUMPRODUCT(--(ISNUMBER(SEARCH(F7, $C$2:$C$33)) + ISNUMBER(SEARCH($C$2:$C$33, F7))))>0, 1, 0))} -> 1 | T7: {=IF(G7="", 0, IF(SUMPRODUCT(--(ISNUMBER(SEARCH(G7, $C$2:$C$33)) + ISNUMBER(SEARCH($C$2:$C$33, G7))))>0, 1, 0))} -> 1 | U7: {=IF(H7="", 0, IF(SUMPRODUCT(--(ISNUMBER(SEARCH(H7, $C$2:$C$33)) + ISNUMBER(SEARCH($C$2:$C$33, H7))))>0, 1, 0))} -> 1 | V7: {=IF(I7="", 0, IF(SUMPRODUCT(--(ISNUMBER(SEARCH(I7, $C$2:$C$33)) + ISNUMBER(SEARCH($C$2:$C$33, I7))))>0, 1, 0))} -> 1 | W7: {=IF(D7="",0,IF(SUMPRODUCT((ISNUMBER(SEARCH(D7,$C$2:$C$33))+ISNUMBER(SEARCH($C$2:$C$33,D7)))*($B$2:$B$33=$B7))>0,1,0))} -> 0 | X7: {=IF(E7="",0,IF(SUMPRODUCT((ISNUMBER(SEARCH(E7,$C$2:$C$33))+ISNUMBER(SEARCH($C$2:$C$33,E7)))*($B$2:$B$33=$B7))>0,1,0))} -> 0 | Y7: {=IF(F7="",0,IF(SUMPRODUCT((ISNUMBER(SEARCH(F7,$C$2:$C$33))+ISNUMBER(SEARCH($C$2:$C$33,F7)))*($B$2:$B$33=$B7))>0,1,0))} -> 0 | Z7: {=IF(G7="",0,IF(SUMPRODUCT((ISNUMBER(SEARCH(G7,$C$2:$C$33))+ISNUMBER(SEARCH($C$2:$C$33,G7)))*($B$2:$B$33=$B7))>0,1,0))} -> 0 | AA7: {=IF(H7="",0,IF(SUMPRODUCT((ISNUMBER(SEARCH(H7,$C$2:$C$33))+ISNUMBER(SEARCH($C$2:$C$33,H7)))*($B$2:$B$33=$B7))>0,1,0))} -> 0 | AB7: {=IF(I7="",0,IF(SUMPRODUCT((ISNUMBER(SEARCH(I7,$C$2:$C$33))+ISNUMBER(SEARCH($C$2:$C$33,I7)))*($B$2:$B$33=$B7))>0,1,0))} -> 0 | AC7: Spencer Fano | AD7: Sonny Styles | AE7: Carnell Tate | AF7: =IF(AC7="",0,IF((ISNUMBER(SEARCH(AC7,C7))+ISNUMBER(SEARCH(C7,AC7)))>0,1,0)) -> 0 | AG7: {=IF(AC7="",0,IF(SUMPRODUCT((ISNUMBER(SEARCH(AC7,$C$2:$C$33))+ISNUMBER(SEARCH($C$2:$C$33,AC7))))>0,1,0))} -> 1 | AH7: {=IF(AC7="",0,IF(SUMPRODUCT((ISNUMBER(SEARCH(AC7,$C$2:$C$33))+ISNUMBER(SEARCH($C$2:$C$33,AC7)))*($B$2:$B$33=$B7))>0,1,0))} -> 0 | AI7: =IF(AD7="",0,IF((ISNUMBER(SEARCH(AD7,C7))+ISNUMBER(SEARCH(C7,AD7)))>0,1,0)) -> 0 | AJ7: {=IF(AD7="",0,IF(SUMPRODUCT((ISNUMBER(SEARCH(AD7,$C$2:$C$33))+ISNUMBER(SEARCH($C$2:$C$33,AD7))))>0,1,0))} -> 1 | AK7: {=IF(AD7="",0,IF(SUMPRODUCT((ISNUMBER(SEARCH(AD7,$C$2:$C$33))+ISNUMBER(SEARCH($C$2:$C$33,AD7)))*($B$2:$B$33=$B7))>0,1,0))} -> 0 | AL7: =IF(AE7="",0,IF((ISNUMBER(SEARCH(AE7,C7))+ISNUMBER(SEARCH(C7,AE7)))>0,1,0)) -> 0 | AM7: {=IF(AE7="",0,IF(SUMPRODUCT((ISNUMBER(SEARCH(AE7,$C$2:$C$33))+ISNUMBER(SEARCH($C$2:$C$33,AE7))))>0,1,0))} -> 1 | AN7: {=IF(AE7="",0,IF(SUMPRODUCT((ISNUMBER(SEARCH(AE7,$C$2:$C$33))+ISNUMBER(SEARCH($C$2:$C$33,AE7)))*($B$2:$B$33=$B7))>0,1,0))} -> 0 | AO7: {=_xlfn.LET(_xlpm.raw,'Other analyst '!K7,_xlpm.mockNames,'Colin''s Mock'!$D$2:$D$258,_xlpm.analystNames,_xlfn.TOCOL($E$2:$I$33),_xlpm.newNames,_xlfn.TOCOL('Other analyst '!$K$2:$R$33),_xlpm.allNames,_xlfn.VSTACK(_xlpm.mockNames,_xlpm.analystNames,_xlpm.newNames),_xlpm.matches,_xlfn._xlws.FILTER(_xlpm.allNames,ISNUMBER(SEARCH(_xlpm.allNames,_xlpm.raw))*(LEN(_xlpm.allNames)>3),""),IF(ISERROR(INDEX(_xlpm.matches,1)),_xlpm.raw,INDEX(_xlpm.matches,1)))} -> Spencer Fano | AP7: =IF(OR(AO7="",AO7=0),0,IF(OR(ISNUMBER(SEARCH(AO7,$C7)),ISNUMBER(SEARCH($C7,AO7))),1,0)) -> 0 | AQ7: {=IF(OR(AO7="",AO7=0),0,IF(SUMPRODUCT(--(ISNUMBER(SEARCH(AO7,$C$2:$C$33))+ISNUMBER(SEARCH($C$2:$C$33,AO7))))>0,1,0))} -> 1 | AR7: {=IF(OR(AO7="",AO7=0),0,IF(SUMPRODUCT((ISNUMBER(SEARCH(AO7,$C$2:$C$33))+ISNUMBER(SEARCH($C$2:$C$33,AO7)))*($B$2:$B$33=$B7))>0,1,0))} -> 0 | AS7: {=_xlfn.LET(_xlpm.raw,'Other analyst '!L7,_xlpm.mockNames,'Colin''s Mock'!$D$2:$D$258,_xlpm.analystNames,_xlfn.TOCOL($E$2:$I$33),_xlpm.newNames,_xlfn.TOCOL('Other analyst '!$K$2:$R$33),_xlpm.allNames,_xlfn.VSTACK(_xlpm.mockNames,_xlpm.analystNames,_xlpm.newNames),_xlpm.matches,_xlfn._xlws.FILTER(_xlpm.allNames,ISNUMBER(SEARCH(_xlpm.allNames,_xlpm.raw))*(LEN(_xlpm.allNames)>3),""),IF(ISERROR(INDEX(_xlpm.matches,1)),_xlpm.raw,INDEX(_xlpm.matches,1)))} -> Carnell Tate | AT7: =IF(OR(AS7="",AS7=0),0,IF(OR(ISNUMBER(SEARCH(AS7,$C7)),ISNUMBER(SEARCH($C7,AS7))),1,0)) -> 0 | AU7: {=IF(OR(AS7="",AS7=0),0,IF(SUMPRODUCT(--(ISNUMBER(SEARCH(AS7,$C$2:$C$33))+ISNUMBER(SEARCH($C$2:$C$33,AS7))))>0,1,0))} -> 1 | AV7: {=IF(OR(AS7="",AS7=0),0,IF(SUMPRODUCT((ISNUMBER(SEARCH(AS7,$C$2:$C$33))+ISNUMBER(SEARCH($C$2:$C$33,AS7)))*($B$2:$B$33=$B7))>0,1,0))} -> 0 | AW7: {=_xlfn.LET(_xlpm.raw,'Other analyst '!M7,_xlpm.mockNames,'Colin''s Mock'!$D$2:$D$258,_xlpm.analystNames,_xlfn.TOCOL($E$2:$I$33),_xlpm.newNames,_xlfn.TOCOL('Other analyst '!$K$2:$R$33),_xlpm.allNames,_xlfn.VSTACK(_xlpm.mockNames,_xlpm.analystNames,_xlpm.newNames),_xlpm.matches,_xlfn._xlws.FILTER(_xlpm.allNames,ISNUMBER(SEARCH(_xlpm.allNames,_xlpm.raw))*(LEN(_xlpm.allNames)>3),""),IF(ISERROR(INDEX(_xlpm.matches,1)),_xlpm.raw,INDEX(_xlpm.matches,1)))} -> Spencer Fano | AX7: =IF(OR(AW7="",AW7=0),0,IF(OR(ISNUMBER(SEARCH(AW7,$C7)),ISNUMBER(SEARCH($C7,AW7))),1,0)) -> 0 | AY7: {=IF(OR(AW7="",AW7=0),0,IF(SUMPRODUCT(--(ISNUMBER(SEARCH(AW7,$C$2:$C$33))+ISNUMBER(SEARCH($C$2:$C$33,AW7))))>0,1,0))} -> 1 | AZ7: {=IF(OR(AW7="",AW7=0),0,IF(SUMPRODUCT((ISNUMBER(SEARCH(AW7,$C$2:$C$33))+ISNUMBER(SEARCH($C$2:$C$33,AW7)))*($B$2:$B$33=$B7))>0,1,0))} -> 0 | BA7: {=_xlfn.LET(_xlpm.raw,'Other analyst '!N7,_xlpm.mockNames,'Colin''s Mock'!$D$2:$D$258,_xlpm.analystNames,_xlfn.TOCOL($E$2:$I$33),_xlpm.newNames,_xlfn.TOCOL('Other analyst '!$K$2:$R$33),_xlpm.allNames,_xlfn.VSTACK(_xlpm.mockNames,_xlpm.analystNames,_xlpm.newNames),_xlpm.matches,_xlfn._xlws.FILTER(_xlpm.allNames,ISNUMBER(SEARCH(_xlpm.allNames,_xlpm.raw))*(LEN(_xlpm.allNames)>3),""),IF(ISERROR(INDEX(_xlpm.matches,1)),_xlpm.raw,INDEX(_xlpm.matches,1)))} -> Arvell Reese | BB7: =IF(OR(BA7="",BA7=0),0,IF(OR(ISNUMBER(SEARCH(BA7,$C7)),ISNUMBER(SEARCH($C7,BA7))),1,0)) -> 0 | BC7: {=IF(OR(BA7="",BA7=0),0,IF(SUMPRODUCT(--(ISNUMBER(SEARCH(BA7,$C$2:$C$33))+ISNUMBER(SEARCH($C$2:$C$33,BA7))))>0,1,0))} -> 1 | BD7: {=IF(OR(BA7="",BA7=0),0,IF(SUMPRODUCT((ISNUMBER(SEARCH(BA7,$C$2:$C$33))+ISNUMBER(SEARCH($C$2:$C$33,BA7)))*($B$2:$B$33=$B7))>0,1,0))} -> 0 | BE7: {=_xlfn.LET(_xlpm.raw,'Other analyst '!O7,_xlpm.mockNames,'Colin''s Mock'!$D$2:$D$258,_xlpm.analystNames,_xlfn.TOCOL($E$2:$I$33),_xlpm.newNames,_xlfn.TOCOL('Other analyst '!$K$2:$R$33),_xlpm.allNames,_xlfn.VSTACK(_xlpm.mockNames,_xlpm.analystNames,_xlpm.newNames),_xlpm.matches,_xlfn._xlws.FILTER(_xlpm.allNames,ISNUMBER(SEARCH(_xlpm.allNames,_xlpm.raw))*(LEN(_xlpm.allNames)>3),""),IF(ISERROR(INDEX(_xlpm.matches,1)),_xlpm.raw,INDEX(_xlpm.matches,1)))} -> Carnell Tate | BF7: =IF(OR(BE7="",BE7=0),0,IF(OR(ISNUMBER(SEARCH(BE7,$C7)),ISNUMBER(SEARCH($C7,BE7))),1,0)) -> 0 | BG7: {=IF(OR(BE7="",BE7=0),0,IF(SUMPRODUCT(--(ISNUMBER(SEARCH(BE7,$C$2:$C$33))+ISNUMBER(SEARCH($C$2:$C$33,BE7))))>0,1,0))} -> 1 | BH7: {=IF(OR(BE7="",BE7=0),0,IF(SUMPRODUCT((ISNUMBER(SEARCH(BE7,$C$2:$C$33))+ISNUMBER(SEARCH($C$2:$C$33,BE7)))*($B$2:$B$33=$B7))>0,1,0))} -> 0 | BI7: {=_xlfn.LET(_xlpm.raw,'Other analyst '!P7,_xlpm.mockNames,'Colin''s Mock'!$D$2:$D$258,_xlpm.analystNames,_xlfn.TOCOL($E$2:$I$33),_xlpm.newNames,_xlfn.TOCOL('Other analyst '!$K$2:$R$33),_xlpm.allNames,_xlfn.VSTACK(_xlpm.mockNames,_xlpm.analystNames,_xlpm.newNames),_xlpm.matches,_xlfn._xlws.FILTER(_xlpm.allNames,ISNUMBER(SEARCH(_xlpm.allNames,_xlpm.raw))*(LEN(_xlpm.allNames)>3),""),IF(ISERROR(INDEX(_xlpm.matches,1)),_xlpm.raw,INDEX(_xlpm.matches,1)))} -> Carnell Tate | BJ7: =IF(OR(BI7="",BI7=0),0,IF(OR(ISNUMBER(SEARCH(BI7,$C7)),ISNUMBER(SEARCH($C7,BI7))),1,0)) -> 0 | BK7: {=IF(OR(BI7="",BI7=0),0,IF(SUMPRODUCT(--(ISNUMBER(SEARCH(BI7,$C$2:$C$33))+ISNUMBER(SEARCH($C$2:$C$33,BI7))))>0,1,0))} -> 1 | BL7: {=IF(OR(BI7="",BI7=0),0,IF(SUMPRODUCT((ISNUMBER(SEARCH(BI7,$C$2:$C$33))+ISNUMBER(SEARCH($C$2:$C$33,BI7)))*($B$2:$B$33=$B7))>0,1,0))} -> 0 | BM7: {=_xlfn.LET(_xlpm.raw,'Other analyst '!Q7,_xlpm.mockNames,'Colin''s Mock'!$D$2:$D$258,_xlpm.analystNames,_xlfn.TOCOL($E$2:$I$33),_xlpm.newNames,_xlfn.TOCOL('Other analyst '!$K$2:$R$33),_xlpm.allNames,_xlfn.VSTACK(_xlpm.mockNames,_xlpm.analystNames,_xlpm.newNames),_xlpm.matches,_xlfn._xlws.FILTER(_xlpm.allNames,ISNUMBER(SEARCH(_xlpm.allNames,_xlpm.raw))*(LEN(_xlpm.allNames)>3),""),IF(ISERROR(INDEX(_xlpm.matches,1)),_xlpm.raw,INDEX(_xlpm.matches,1)))} -> Kadyn Proctor | BN7: =IF(OR(BM7="",BM7=0),0,IF(OR(ISNUMBER(SEARCH(BM7,$C7)),ISNUMBER(SEARCH($C7,BM7))),1,0)) -> 0 | BO7: {=IF(OR(BM7="",BM7=0),0,IF(SUMPRODUCT(--(ISNUMBER(SEARCH(BM7,$C$2:$C$33))+ISNUMBER(SEARCH($C$2:$C$33,BM7))))>0,1,0))} -> 1 | BP7: {=IF(OR(BM7="",BM7=0),0,IF(SUMPRODUCT((ISNUMBER(SEARCH(BM7,$C$2:$C$33))+ISNUMBER(SEARCH($C$2:$C$33,BM7)))*($B$2:$B$33=$B7))>0,1,0))} -> 0 | BQ7: {=_xlfn.LET(_xlpm.raw,'Other analyst '!R7,_xlpm.mockNames,'Colin''s Mock'!$D$2:$D$258,_xlpm.analystNames,_xlfn.TOCOL($E$2:$I$33),_xlpm.newNames,_xlfn.TOCOL('Other analyst '!$K$2:$R$33),_xlpm.allNames,_xlfn.VSTACK(_xlpm.mockNames,_xlpm.analystNames,_xlpm.newNames),_xlpm.matches,_xlfn._xlws.FILTER(_xlpm.allNames,ISNUMBER(SEARCH(_xlpm.allNames,_xlpm.raw))*(LEN(_xlpm.allNames)>3),""),IF(ISERROR(INDEX(_xlpm.matches,1)),_xlpm.raw,INDEX(_xlpm.matches,1)))} -> Kadyn Proctor | BR7: =IF(OR(BQ7="",BQ7=0),0,IF(OR(ISNUMBER(SEARCH(BQ7,$C7)),ISNUMBER(SEARCH($C7,BQ7))),1,0)) -> 0 | BS7: {=IF(OR(BQ7="",BQ7=0),0,IF(SUMPRODUCT(--(ISNUMBER(SEARCH(BQ7,$C$2:$C$33))+ISNUMBER(SEARCH($C$2:$C$33,BQ7))))>0,1,0))} -> 1 | BT7: {=IF(OR(BQ7="",BQ7=0),0,IF(SUMPRODUCT((ISNUMBER(SEARCH(BQ7,$C$2:$C$33))+ISNUMBER(SEARCH($C$2:$C$33,BQ7)))*($B$2:$B$33=$B7))>0,1,0))} -> 0 | BU7: ='Colin Mock wTrade'!D7 -> Francis Mauigoa | BV7: =IF(BU7="",0,IF(OR(ISNUMBER(SEARCH(BU7,C7)),ISNUMBER(SEARCH(C7,BU7))),1,0)) -> 0 | BW7: {=IF(BU7="",0,IF(SUMPRODUCT(--(ISNUMBER(SEARCH(BU7,$C$2:$C$33))+ISNUMBER(SEARCH($C$2:$C$33,BU7))))>0,1,0))} -> 1 | BX7: {=IF(BU7="",0,IFERROR(IF(SUMPRODUCT((ISNUMBER(SEARCH(BU7,$C$2:$C$33))+ISNUMBER(SEARCH($C$2:$C$33,BU7)))*($B$2:$B$33=VLOOKUP('Colin Mock wTrade'!C7,$CA$1:$CB$32,2,FALSE)))>0,1,0),0))} -> 0 | CA7: WAS | CB7: Commanders | CC7: ='Other analyst '!S7 -> Francis Mauigoa | CD7: =IF(CC7="",0,IF(OR(ISNUMBER(SEARCH(CC7,C7)),ISNUMBER(SEARCH(C7,CC7))),1,0)) -> 0 | CE7: {=IF(CC7="",0,IF(SUMPRODUCT(--(ISNUMBER(SEARCH(CC7,$C$2:$C$33))+ISNUMBER(SEARCH($C$2:$C$33,CC7))))>0,1,0))} -> 1 | CF7: {=IF(CC7="",0,IF(SUMPRODUCT((ISNUMBER(SEARCH(CC7,$C$2:$C$33))+ISNUMBER(SEARCH($C$2:$C$33,CC7)))*($B$2:$B$33=$B7))>0,1,0))} -> 0 | CG7: ='Other analyst '!T7 -> Sonny Styles | CH7: =IF(CG7="",0,IF(OR(ISNUMBER(SEARCH(CG7,C7)),ISNUMBER(SEARCH(C7,CG7))),1,0)) -> 0 | CI7: {=IF(CG7="",0,IF(SUMPRODUCT(--(ISNUMBER(SEARCH(CG7,$C$2:$C$33))+ISNUMBER(SEARCH($C$2:$C$33,CG7))))>0,1,0))} -> 1 | CJ7: {=IF(CG7="",0,IF(SUMPRODUCT((ISNUMBER(SEARCH(CG7,$C$2:$C$33))+ISNUMBER(SEARCH($C$2:$C$33,CG7)))*($B$2:$B$33=$B7))>0,1,0))} -> 0 | CK7: ='Other analyst '!U7 -> Francis Mauigoa | CL7: =IF(CK7="",0,IF(OR(ISNUMBER(SEARCH(CK7,C7)),ISNUMBER(SEARCH(C7,CK7))),1,0)) -> 0 | CM7: {=IF(CK7="",0,IF(SUMPRODUCT(--(ISNUMBER(SEARCH(CK7,$C$2:$C$33))+ISNUMBER(SEARCH($C$2:$C$33,CK7))))>0,1,0))} -> 1 | CN7: {=IF(CK7="",0,IF(SUMPRODUCT((ISNUMBER(SEARCH(CK7,$C$2:$C$33))+ISNUMBER(SEARCH($C$2:$C$33,CK7)))*($B$2:$B$33=$B7))>0,1,0))} -> 0 | CO7: ='Other analyst '!V7 -> Jayden Maiava | CP7: =IF(CO7="",0,IF(OR(ISNUMBER(SEARCH(CO7,C7)),ISNUMBER(SEARCH(C7,CO7))),1,0)) -> 0 | CQ7: {=IF(CO7="",0,IF(SUMPRODUCT(--(ISNUMBER(SEARCH(CO7,$C$2:$C$33))+ISNUMBER(SEARCH($C$2:$C$33,CO7))))>0,1,0))} -> 0 | CR7: {=IF(CO7="",0,IF(SUMPRODUCT((ISNUMBER(SEARCH(CO7,$C$2:$C$33))+ISNUMBER(SEARCH($C$2:$C$33,CO7)))*($B$2:$B$33=$B7))>0,1,0))} -> 0 | CS7: ='Other analyst '!W7 -> Carnell Tate | CT7: =IF(CS7="",0,IF(OR(ISNUMBER(SEARCH(CS7,C7)),ISNUMBER(SEARCH(C7,CS7))),1,0)) -> 0 | CU7: {=IF(CS7="",0,IF(SUMPRODUCT(--(ISNUMBER(SEARCH(CS7,$C$2:$C$33))+ISNUMBER(SEARCH($C$2:$C$33,CS7))))>0,1,0))} -> 1 | CV7: {=IF(CS7="",0,IFERROR(IF(SUMPRODUCT((ISNUMBER(SEARCH(CS7,$C$2:$C$33))+ISNUMBER(SEARCH($C$2:$C$33,CS7)))*(ISNUMBER(SEARCH($B$2:$B$33,'Other analyst '!B7))+ISNUMBER(SEARCH('Other analyst '!B7,$B$2:$B$33))))>0,1,0),0))} -> 0 | CW7: ='Other analyst '!AD7 -> Rueben Bain Jr. | CX7: =IF(CW7="",0,IF(OR(ISNUMBER(SEARCH(CW7,C7)),ISNUMBER(SEARCH(C7,CW7))),1,0)) -> 0 | CY7: {=IF(CW7="",0,IF(SUMPRODUCT(--(ISNUMBER(SEARCH(CW7,$C$2:$C$33))+ISNUMBER(SEARCH($C$2:$C$33,CW7))))>0,1,0))} -> 1 | CZ7: {=IF(CW7="",0,IF(SUMPRODUCT((ISNUMBER(SEARCH(CW7,$C$2:$C$33))+ISNUMBER(SEARCH($C$2:$C$33,CW7)))*($B$2:$B$33=$B7))>0,1,0))} -> 0 | DA7: ='Other analyst '!AE7 -> Carnell Tate | DB7: =IF(DA7="",0,IF(OR(ISNUMBER(SEARCH(DA7,C7)),ISNUMBER(SEARCH(C7,DA7))),1,0)) -> 0 | DC7: {=IF(DA7="",0,IF(SUMPRODUCT(--(ISNUMBER(SEARCH(DA7,$C$2:$C$33))+ISNUMBER(SEARCH($C$2:$C$33,DA7))))>0,1,0))} -> 1 | DD7: {=IF(DA7="",0,IF(SUMPRODUCT((ISNUMBER(SEARCH(DA7,$C$2:$C$33))+ISNUMBER(SEARCH($C$2:$C$33,DA7)))*($B$2:$B$33=$B7))>0,1,0))} -> 0 | DE7: ='Other analyst '!AF7 -> Sonny Styles | DF7: =IF(DE7="",0,IF(OR(ISNUMBER(SEARCH(DE7,C7)),ISNUMBER(SEARCH(C7,DE7))),1,0)) -> 0 | DG7: {=IF(DE7="",0,IF(SUMPRODUCT(--(ISNUMBER(SEARCH(DE7,$C$2:$C$33))+ISNUMBER(SEARCH($C$2:$C$33,DE7))))>0,1,0))} -> 1 | DH7: {=IF(DE7="",0,IF(SUMPRODUCT((ISNUMBER(SEARCH(DE7,$C$2:$C$33))+ISNUMBER(SEARCH($C$2:$C$33,DE7)))*($B$2:$B$33=$B7))>0,1,0))} -> 0 | DI7: ='Other analyst '!AG7 -> Spencer Fano | DJ7: =IF(DI7="",0,IF(OR(ISNUMBER(SEARCH(DI7,C7)),ISNUMBER(SEARCH(C7,DI7))),1,0)) -> 0 | DK7: {=IF(DI7="",0,IF(SUMPRODUCT(--(ISNUMBER(SEARCH(DI7,$C$2:$C$33))+ISNUMBER(SEARCH($C$2:$C$33,DI7))))>0,1,0))} -> 1 | DL7: {=IF(DI7="",0,IF(SUMPRODUCT((ISNUMBER(SEARCH(DI7,$C$2:$C$33))+ISNUMBER(SEARCH($C$2:$C$33,DI7)))*($B$2:$B$33=$B7))>0,1,0))} -> 0 | DM7: ='Other analyst '!AB7 -> Arvell Reese | DN7: =IF(DM7="",0,IF(OR(ISNUMBER(SEARCH(DM7,C7)),ISNUMBER(SEARCH(C7,DM7))),1,0)) -> 0 | DO7: {=IF(DM7="",0,IF(SUMPRODUCT(--(ISNUMBER(SEARCH(DM7,$C$2:$C$33))+ISNUMBER(SEARCH($C$2:$C$33,DM7))))>0,1,0))} -> 1 | DP7: {=IF(DM7="",0,IFERROR(IF(SUMPRODUCT((ISNUMBER(SEARCH(DM7,$C$2:$C$33))+ISNUMBER(SEARCH($C$2:$C$33,DM7)))*(ISNUMBER(SEARCH($B$2:$B$33,'Other analyst '!B7))+ISNUMBER(SEARCH('Other analyst '!B7,$B$2:$B$33))))>0,1,0),0))} -> 0 | DQ7: ='Other analyst '!AC7 -> Carnell Tate | DR7: =IF(DQ7="",0,IF(OR(ISNUMBER(SEARCH(DQ7,C7)),ISNUMBER(SEARCH(C7,DQ7))),1,0)) -> 0 | DS7: {=IF(DQ7="",0,IF(SUMPRODUCT(--(ISNUMBER(SEARCH(DQ7,$C$2:$C$33))+ISNUMBER(SEARCH($C$2:$C$33,DQ7))))>0,1,0))} -> 1 | DT7: {=IF(DQ7="",0,IFERROR(IF(SUMPRODUCT((ISNUMBER(SEARCH(DQ7,$C$2:$C$33))+ISNUMBER(SEARCH($C$2:$C$33,DQ7)))*(ISNUMBER(SEARCH($B$2:$B$33,'Other analyst '!B7))+ISNUMBER(SEARCH('Other analyst '!B7,$B$2:$B$33))))>0,1,0),0))} -> 0 | DU7: =IFERROR(TRIM(LEFT(IF(ISNUMBER(SEARCH("]",'Other analyst '!X7)),MID('Other analyst '!X7,SEARCH("]",'Other analyst '!X7)+1,200),'Other analyst '!X7),IFERROR(SEARCH(" (",IF(ISNUMBER(SEARCH("]",'Other analyst '!X7)),MID('Other analyst '!X7,SEARCH("]",'Other analyst '!X7)+1,200),'Other analyst '!X7))-1,LEN('Other analyst '!X7)))),"") -> Spencer Fano | DV7: =IF(DU7="",0,IF(OR(ISNUMBER(SEARCH(DU7,C7)),ISNUMBER(SEARCH(C7,DU7))),1,0)) -> 0 | DW7: {=IF(DU7="",0,IF(SUMPRODUCT((ISNUMBER(SEARCH(DU7,$C$2:$C$33))+ISNUMBER(SEARCH($C$2:$C$33,DU7))))>0,1,0))} -> 1 | DX7: 0 | DY7: =IFERROR(TRIM(LEFT(IF(ISNUMBER(SEARCH("]",'Other analyst '!Y7)),MID('Other analyst '!Y7,SEARCH("]",'Other analyst '!Y7)+1,200),'Other analyst '!Y7),IFERROR(SEARCH(" (",IF(ISNUMBER(SEARCH("]",'Other analyst '!Y7)),MID('Other analyst '!Y7,SEARCH("]",'Other analyst '!Y7)+1,200),'Other analyst '!Y7))-1,LEN('Other analyst '!Y7)))),"") -> Francis Mauigoa | DZ7: =IF(DY7="",0,IF(OR(ISNUMBER(SEARCH(DY7,C7)),ISNUMBER(SEARCH(C7,DY7))),1,0)) -> 0 | EA7: {=IF(DY7="",0,IF(SUMPRODUCT((ISNUMBER(SEARCH(DY7,$C$2:$C$33))+ISNUMBER(SEARCH($C$2:$C$33,DY7))))>0,1,0))} -> 1 | EB7: 0 | EC7: =IFERROR(TRIM(LEFT(IF(ISNUMBER(SEARCH("]",'Other analyst '!Z7)),MID('Other analyst '!Z7,SEARCH("]",'Other analyst '!Z7)+1,200),'Other analyst '!Z7),IFERROR(SEARCH(" (",IF(ISNUMBER(SEARCH("]",'Other analyst '!Z7)),MID('Other analyst '!Z7,SEARCH("]",'Other analyst '!Z7)+1,200),'Other analyst '!Z7))-1,LEN('Other analyst '!Z7)))),"") -> Monroe Freeling | ED7: =IF(EC7="",0,IF(OR(ISNUMBER(SEARCH(EC7,C7)),ISNUMBER(SEARCH(C7,EC7))),1,0)) -> 0 | EE7: {=IF(EC7="",0,IF(SUMPRODUCT((ISNUMBER(SEARCH(EC7,$C$2:$C$33))+ISNUMBER(SEARCH($C$2:$C$33,EC7))))>0,1,0))} -> 1 | EF7: 0 | EG7: =IFERROR(TRIM(LEFT(IF(ISNUMBER(SEARCH("]",'Other analyst '!AA7)),MID('Other analyst '!AA7,SEARCH("]",'Other analyst '!AA7)+1,200),'Other analyst '!AA7),IFERROR(SEARCH(" (",IF(ISNUMBER(SEARCH("]",'Other analyst '!AA7)),MID('Other analyst '!AA7,SEARCH("]",'Other analyst '!AA7)+1,200),'Other analyst '!AA7))-1,LEN('Other analyst '!AA7)))),"") -> Spencer Fano | EH7: =IF(EG7="",0,IF(OR(ISNUMBER(SEARCH(EG7,C7)),ISNUMBER(SEARCH(C7,EG7))),1,0)) -> 0 | EI7: {=IF(EG7="",0,IF(SUMPRODUCT((ISNUMBER(SEARCH(EG7,$C$2:$C$33))+ISNUMBER(SEARCH($C$2:$C$33,EG7))))>0,1,0))} -> 1 | EJ7: 0 | EK7: =K7+L7+M7+N7+O7+P7+AF7+AI7+AL7+AP7+AT7+AX7+BB7+BF7+BJ7+BN7+BR7+BV7+CD7+CH7+CL7+CP7+CT7+DV7+DZ7+ED7+EH7+DN7+DR7+CX7+DB7+DF7+DJ7 -> 0
A8: 7 | B8: ='Actual nfl first round'!C8 -> Commanders | C8: {=_xlfn.LET(_xlpm.actual, 'Actual nfl first round'!D8, _xlpm.analystNames, _xlfn.TOCOL($E$2:$I$33), _xlpm.mockNames, 'Colin''s Mock'!$D$2:$D$258, _xlpm.allNames, _xlfn.VSTACK(_xlpm.analystNames, _xlpm.mockNames), _xlpm.matches, _xlfn._xlws.FILTER(_xlpm.allNames, ISNUMBER(SEARCH(_xlpm.allNames, _xlpm.actual))*(LEN(_xlpm.allNames)>3), ""), IF(ISERROR(INDEX(_xlpm.matches,1)), _xlpm.actual, INDEX(_xlpm.matches,1)))} -> Sonny Styles | D8: ='Colin''s Mock'!D8 -> Carnell Tate | E8: =_xlfn.LET(_xlpm.raw, 'Other analyst '!C8, _xlpm.s, IF(LEFT(_xlpm.raw,1)="[", MID(_xlpm.raw, FIND("] ",_xlpm.raw)+2, 999), _xlpm.raw), IFERROR(TRIM(LEFT(_xlpm.s, FIND(" (",_xlpm.s)-1)), _xlpm.raw)) -> Carnell Tate | F8: =_xlfn.LET(_xlpm.raw, 'Other analyst '!D8, _xlpm.s, IF(LEFT(_xlpm.raw,1)="[", MID(_xlpm.raw, FIND("] ",_xlpm.raw)+2, 999), _xlpm.raw), IFERROR(TRIM(LEFT(_xlpm.s, FIND(" (",_xlpm.s)-1)), _xlpm.raw)) -> Carnell Tate | G8: =_xlfn.LET(_xlpm.raw, 'Other analyst '!E8, _xlpm.s, IF(LEFT(_xlpm.raw,1)="[", MID(_xlpm.raw, FIND("] ",_xlpm.raw)+2, 999), _xlpm.raw), IFERROR(TRIM(LEFT(_xlpm.s, FIND(" (",_xlpm.s)-1)), _xlpm.raw)) -> Carnell Tate | H8: =_xlfn.LET(_xlpm.raw, 'Other analyst '!F8, _xlpm.s, IF(LEFT(_xlpm.raw,1)="[", MID(_xlpm.raw, FIND("] ",_xlpm.raw)+2, 999), _xlpm.raw), IFERROR(TRIM(LEFT(_xlpm.s, FIND(" (",_xlpm.s)-1)), _xlpm.raw)) -> Sonny Styles | I8: =_xlfn.LET(_xlpm.raw, 'Other analyst '!G8, _xlpm.s, IF(LEFT(_xlpm.raw,1)="[", MID(_xlpm.raw, FIND("] ",_xlpm.raw)+2, 999), _xlpm.raw), IFERROR(TRIM(LEFT(_xlpm.s, FIND(" (",_xlpm.s)-1)), _xlpm.raw)) -> Jeremiyah Love | K8: =IF(OR(D8="", C8=""), 0, IF(OR(EXACT(TRIM(D8),TRIM(C8)), ISNUMBER(SEARCH(D8, C8)), ISNUMBER(SEARCH(C8, D8))), 1, 0)) -> 0 | L8: =IF(OR(E8="", C8=""), 0, IF(OR(EXACT(TRIM(E8),TRIM(C8)), ISNUMBER(SEARCH(E8, C8)), ISNUMBER(SEARCH(C8, E8))), 1, 0)) -> 0 | M8: =IF(OR(F8="", C8=""), 0, IF(OR(EXACT(TRIM(F8),TRIM(C8)), ISNUMBER(SEARCH(F8, C8)), ISNUMBER(SEARCH(C8, F8))), 1, 0)) -> 0 | N8: =IF(OR(G8="", C8=""), 0, IF(OR(EXACT(TRIM(G8),TRIM(C8)), ISNUMBER(SEARCH(G8, C8)), ISNUMBER(SEARCH(C8, G8))), 1, 0)) -> 0 | O8: =IF(OR(H8="", C8=""), 0, IF(OR(EXACT(TRIM(H8),TRIM(C8)), ISNUMBER(SEARCH(H8, C8)), ISNUMBER(SEARCH(C8, H8))), 1, 0)) -> 1 | P8: =IF(OR(I8="", C8=""), 0, IF(OR(EXACT(TRIM(I8),TRIM(C8)), ISNUMBER(SEARCH(I8, C8)), ISNUMBER(SEARCH(C8, I8))), 1, 0)) -> 0 | Q8: {=IF(D8="", 0, IF(SUMPRODUCT(--(ISNUMBER(SEARCH(D8, $C$2:$C$33)) + ISNUMBER(SEARCH($C$2:$C$33, D8))))>0, 1, 0))} -> 1 | R8: {=IF(E8="", 0, IF(SUMPRODUCT(--(ISNUMBER(SEARCH(E8, $C$2:$C$33)) + ISNUMBER(SEARCH($C$2:$C$33, E8))))>0, 1, 0))} -> 1 | S8: {=IF(F8="", 0, IF(SUMPRODUCT(--(ISNUMBER(SEARCH(F8, $C$2:$C$33)) + ISNUMBER(SEARCH($C$2:$C$33, F8))))>0, 1, 0))} -> 1 | T8: {=IF(G8="", 0, IF(SUMPRODUCT(--(ISNUMBER(SEARCH(G8, $C$2:$C$33)) + ISNUMBER(SEARCH($C$2:$C$33, G8))))>0, 1, 0))} -> 1 | U8: {=IF(H8="", 0, IF(SUMPRODUCT(--(ISNUMBER(SEARCH(H8, $C$2:$C$33)) + ISNUMBER(SEARCH($C$2:$C$33, H8))))>0, 1, 0))} -> 1 | V8: {=IF(I8="", 0, IF(SUMPRODUCT(--(ISNUMBER(SEARCH(I8, $C$2:$C$33)) + ISNUMBER(SEARCH($C$2:$C$33, I8))))>0, 1, 0))} -> 1 | W8: {=IF(D8="",0,IF(SUMPRODUCT((ISNUMBER(SEARCH(D8,$C$2:$C$33))+ISNUMBER(SEARCH($C$2:$C$33,D8)))*($B$2:$B$33=$B8))>0,1,0))} -> 0 | X8: {=IF(E8="",0,IF(SUMPRODUCT((ISNUMBER(SEARCH(E8,$C$2:$C$33))+ISNUMBER(SEARCH($C$2:$C$33,E8)))*($B$2:$B$33=$B8))>0,1,0))} -> 0 | Y8: {=IF(F8="",0,IF(SUMPRODUCT((ISNUMBER(SEARCH(F8,$C$2:$C$33))+ISNUMBER(SEARCH($C$2:$C$33,F8)))*($B$2:$B$33=$B8))>0,1,0))} -> 0 | Z8: {=IF(G8="",0,IF(SUMPRODUCT((ISNUMBER(SEARCH(G8,$C$2:$C$33))+ISNUMBER(SEARCH($C$2:$C$33,G8)))*($B$2:$B$33=$B8))>0,1,0))} -> 0 | AA8: {=IF(H8="",0,IF(SUMPRODUCT((ISNUMBER(SEARCH(H8,$C$2:$C$33))+ISNUMBER(SEARCH($C$2:$C$33,H8)))*($B$2:$B$33=$B8))>0,1,0))} -> 1 | AB8: {=IF(I8="",0,IF(SUMPRODUCT((ISNUMBER(SEARCH(I8,$C$2:$C$33))+ISNUMBER(SEARCH($C$2:$C$33,I8)))*($B$2:$B$33=$B8))>0,1,0))} -> 0 | AC8: Jordyn Tyson | AD8: Carnell Tate | AE8: Mansoor Delane | AF8: =IF(AC8="",0,IF((ISNUMBER(SEARCH(AC8,C8))+ISNUMBER(SEARCH(C8,AC8)))>0,1,0)) -> 0 | AG8: {=IF(AC8="",0,IF(SUMPRODUCT((ISNUMBER(SEARCH(AC8,$C$2:$C$33))+ISNUMBER(SEARCH($C$2:$C$33,AC8))))>0,1,0))} -> 1 | AH8: {=IF(AC8="",0,IF(SUMPRODUCT((ISNUMBER(SEARCH(AC8,$C$2:$C$33))+ISNUMBER(SEARCH($C$2:$C$33,AC8)))*($B$2:$B$33=$B8))>0,1,0))} -> 0 | AI8: =IF(AD8="",0,IF((ISNUMBER(SEARCH(AD8,C8))+ISNUMBER(SEARCH(C8,AD8)))>0,1,0)) -> 0 | AJ8: {=IF(AD8="",0,IF(SUMPRODUCT((ISNUMBER(SEARCH(AD8,$C$2:$C$33))+ISNUMBER(SEARCH($C$2:$C$33,AD8))))>0,1,0))} -> 1 | AK8: {=IF(AD8="",0,IF(SUMPRODUCT((ISNUMBER(SEARCH(AD8,$C$2:$C$33))+ISNUMBER(SEARCH($C$2:$C$33,AD8)))*($B$2:$B$33=$B8))>0,1,0))} -> 0 | AL8: =IF(AE8="",0,IF((ISNUMBER(SEARCH(AE8,C8))+ISNUMBER(SEARCH(C8,AE8)))>0,1,0)) -> 0 | AM8: {=IF(AE8="",0,IF(SUMPRODUCT((ISNUMBER(SEARCH(AE8,$C$2:$C$33))+ISNUMBER(SEARCH($C$2:$C$33,AE8))))>0,1,0))} -> 1 | AN8: {=IF(AE8="",0,IF(SUMPRODUCT((ISNUMBER(SEARCH(AE8,$C$2:$C$33))+ISNUMBER(SEARCH($C$2:$C$33,AE8)))*($B$2:$B$33=$B8))>0,1,0))} -> 0 | AO8: {=_xlfn.LET(_xlpm.raw,'Other analyst '!K8,_xlpm.mockNames,'Colin''s Mock'!$D$2:$D$258,_xlpm.analystNames,_xlfn.TOCOL($E$2:$I$33),_xlpm.newNames,_xlfn.TOCOL('Other analyst '!$K$2:$R$33),_xlpm.allNames,_xlfn.VSTACK(_xlpm.mockNames,_xlpm.analystNames,_xlpm.newNames),_xlpm.matches,_xlfn._xlws.FILTER(_xlpm.allNames,ISNUMBER(SEARCH(_xlpm.allNames,_xlpm.raw))*(LEN(_xlpm.allNames)>3),""),IF(ISERROR(INDEX(_xlpm.matches,1)),_xlpm.raw,INDEX(_xlpm.matches,1)))} -> Sonny Styles | AP8: =IF(OR(AO8="",AO8=0),0,IF(OR(ISNUMBER(SEARCH(AO8,$C8)),ISNUMBER(SEARCH($C8,AO8))),1,0)) -> 1 | AQ8: {=IF(OR(AO8="",AO8=0),0,IF(SUMPRODUCT(--(ISNUMBER(SEARCH(AO8,$C$2:$C$33))+ISNUMBER(SEARCH($C$2:$C$33,AO8))))>0,1,0))} -> 1 | AR8: {=IF(OR(AO8="",AO8=0),0,IF(SUMPRODUCT((ISNUMBER(SEARCH(AO8,$C$2:$C$33))+ISNUMBER(SEARCH($C$2:$C$33,AO8)))*($B$2:$B$33=$B8))>0,1,0))} -> 1 | AS8: {=_xlfn.LET(_xlpm.raw,'Other analyst '!L8,_xlpm.mockNames,'Colin''s Mock'!$D$2:$D$258,_xlpm.analystNames,_xlfn.TOCOL($E$2:$I$33),_xlpm.newNames,_xlfn.TOCOL('Other analyst '!$K$2:$R$33),_xlpm.allNames,_xlfn.VSTACK(_xlpm.mockNames,_xlpm.analystNames,_xlpm.newNames),_xlpm.matches,_xlfn._xlws.FILTER(_xlpm.allNames,ISNUMBER(SEARCH(_xlpm.allNames,_xlpm.raw))*(LEN(_xlpm.allNames)>3),""),IF(ISERROR(INDEX(_xlpm.matches,1)),_xlpm.raw,INDEX(_xlpm.matches,1)))} -> Jeremiyah Love | AT8: =IF(OR(AS8="",AS8=0),0,IF(OR(ISNUMBER(SEARCH(AS8,$C8)),ISNUMBER(SEARCH($C8,AS8))),1,0)) -> 0 | AU8: {=IF(OR(AS8="",AS8=0),0,IF(SUMPRODUCT(--(ISNUMBER(SEARCH(AS8,$C$2:$C$33))+ISNUMBER(SEARCH($C$2:$C$33,AS8))))>0,1,0))} -> 1 | AV8: {=IF(OR(AS8="",AS8=0),0,IF(SUMPRODUCT((ISNUMBER(SEARCH(AS8,$C$2:$C$33))+ISNUMBER(SEARCH($C$2:$C$33,AS8)))*($B$2:$B$33=$B8))>0,1,0))} -> 0 | AW8: {=_xlfn.LET(_xlpm.raw,'Other analyst '!M8,_xlpm.mockNames,'Colin''s Mock'!$D$2:$D$258,_xlpm.analystNames,_xlfn.TOCOL($E$2:$I$33),_xlpm.newNames,_xlfn.TOCOL('Other analyst '!$K$2:$R$33),_xlpm.allNames,_xlfn.VSTACK(_xlpm.mockNames,_xlpm.analystNames,_xlpm.newNames),_xlpm.matches,_xlfn._xlws.FILTER(_xlpm.allNames,ISNUMBER(SEARCH(_xlpm.allNames,_xlpm.raw))*(LEN(_xlpm.allNames)>3),""),IF(ISERROR(INDEX(_xlpm.matches,1)),_xlpm.raw,INDEX(_xlpm.matches,1)))} -> Sonny Styles | AX8: =IF(OR(AW8="",AW8=0),0,IF(OR(ISNUMBER(SEARCH(AW8,$C8)),ISNUMBER(SEARCH($C8,AW8))),1,0)) -> 1 | AY8: {=IF(OR(AW8="",AW8=0),0,IF(SUMPRODUCT(--(ISNUMBER(SEARCH(AW8,$C$2:$C$33))+ISNUMBER(SEARCH($C$2:$C$33,AW8))))>0,1,0))} -> 1 | AZ8: {=IF(OR(AW8="",AW8=0),0,IF(SUMPRODUCT((ISNUMBER(SEARCH(AW8,$C$2:$C$33))+ISNUMBER(SEARCH($C$2:$C$33,AW8)))*($B$2:$B$33=$B8))>0,1,0))} -> 1 | BA8: {=_xlfn.LET(_xlpm.raw,'Other analyst '!N8,_xlpm.mockNames,'Colin''s Mock'!$D$2:$D$258,_xlpm.analystNames,_xlfn.TOCOL($E$2:$I$33),_xlpm.newNames,_xlfn.TOCOL('Other analyst '!$K$2:$R$33),_xlpm.allNames,_xlfn.VSTACK(_xlpm.mockNames,_xlpm.analystNames,_xlpm.newNames),_xlpm.matches,_xlfn._xlws.FILTER(_xlpm.allNames,ISNUMBER(SEARCH(_xlpm.allNames,_xlpm.raw))*(LEN(_xlpm.allNames)>3),""),IF(ISERROR(INDEX(_xlpm.matches,1)),_xlpm.raw,INDEX(_xlpm.matches,1)))} -> Carnell Tate | BB8: =IF(OR(BA8="",BA8=0),0,IF(OR(ISNUMBER(SEARCH(BA8,$C8)),ISNUMBER(SEARCH($C8,BA8))),1,0)) -> 0 | BC8: {=IF(OR(BA8="",BA8=0),0,IF(SUMPRODUCT(--(ISNUMBER(SEARCH(BA8,$C$2:$C$33))+ISNUMBER(SEARCH($C$2:$C$33,BA8))))>0,1,0))} -> 1 | BD8: {=IF(OR(BA8="",BA8=0),0,IF(SUMPRODUCT((ISNUMBER(SEARCH(BA8,$C$2:$C$33))+ISNUMBER(SEARCH($C$2:$C$33,BA8)))*($B$2:$B$33=$B8))>0,1,0))} -> 0 | BE8: {=_xlfn.LET(_xlpm.raw,'Other analyst '!O8,_xlpm.mockNames,'Colin''s Mock'!$D$2:$D$258,_xlpm.analystNames,_xlfn.TOCOL($E$2:$I$33),_xlpm.newNames,_xlfn.TOCOL('Other analyst '!$K$2:$R$33),_xlpm.allNames,_xlfn.VSTACK(_xlpm.mockNames,_xlpm.analystNames,_xlpm.newNames),_xlpm.matches,_xlfn._xlws.FILTER(_xlpm.allNames,ISNUMBER(SEARCH(_xlpm.allNames,_xlpm.raw))*(LEN(_xlpm.allNames)>3),""),IF(ISERROR(INDEX(_xlpm.matches,1)),_xlpm.raw,INDEX(_xlpm.matches,1)))} -> Sonny Styles | BF8: =IF(OR(BE8="",BE8=0),0,IF(OR(ISNUMBER(SEARCH(BE8,$C8)),ISNUMBER(SEARCH($C8,BE8))),1,0)) -> 1 | BG8: {=IF(OR(BE8="",BE8=0),0,IF(SUMPRODUCT(--(ISNUMBER(SEARCH(BE8,$C$2:$C$33))+ISNUMBER(SEARCH($C$2:$C$33,BE8))))>0,1,0))} -> 1 | BH8: {=IF(OR(BE8="",BE8=0),0,IF(SUMPRODUCT((ISNUMBER(SEARCH(BE8,$C$2:$C$33))+ISNUMBER(SEARCH($C$2:$C$33,BE8)))*($B$2:$B$33=$B8))>0,1,0))} -> 1 | BI8: {=_xlfn.LET(_xlpm.raw,'Other analyst '!P8,_xlpm.mockNames,'Colin''s Mock'!$D$2:$D$258,_xlpm.analystNames,_xlfn.TOCOL($E$2:$I$33),_xlpm.newNames,_xlfn.TOCOL('Other analyst '!$K$2:$R$33),_xlpm.allNames,_xlfn.VSTACK(_xlpm.mockNames,_xlpm.analystNames,_xlpm.newNames),_xlpm.matches,_xlfn._xlws.FILTER(_xlpm.allNames,ISNUMBER(SEARCH(_xlpm.allNames,_xlpm.raw))*(LEN(_xlpm.allNames)>3),""),IF(ISERROR(INDEX(_xlpm.matches,1)),_xlpm.raw,INDEX(_xlpm.matches,1)))} -> Mansoor Delane | BJ8: =IF(OR(BI8="",BI8=0),0,IF(OR(ISNUMBER(SEARCH(BI8,$C8)),ISNUMBER(SEARCH($C8,BI8))),1,0)) -> 0 | BK8: {=IF(OR(BI8="",BI8=0),0,IF(SUMPRODUCT(--(ISNUMBER(SEARCH(BI8,$C$2:$C$33))+ISNUMBER(SEARCH($C$2:$C$33,BI8))))>0,1,0))} -> 1 | BL8: {=IF(OR(BI8="",BI8=0),0,IF(SUMPRODUCT((ISNUMBER(SEARCH(BI8,$C$2:$C$33))+ISNUMBER(SEARCH($C$2:$C$33,BI8)))*($B$2:$B$33=$B8))>0,1,0))} -> 0 | BM8: {=_xlfn.LET(_xlpm.raw,'Other analyst '!Q8,_xlpm.mockNames,'Colin''s Mock'!$D$2:$D$258,_xlpm.analystNames,_xlfn.TOCOL($E$2:$I$33),_xlpm.newNames,_xlfn.TOCOL('Other analyst '!$K$2:$R$33),_xlpm.allNames,_xlfn.VSTACK(_xlpm.mockNames,_xlpm.analystNames,_xlpm.newNames),_xlpm.matches,_xlfn._xlws.FILTER(_xlpm.allNames,ISNUMBER(SEARCH(_xlpm.allNames,_xlpm.raw))*(LEN(_xlpm.allNames)>3),""),IF(ISERROR(INDEX(_xlpm.matches,1)),_xlpm.raw,INDEX(_xlpm.matches,1)))} -> Jordyn Tyson | BN8: =IF(OR(BM8="",BM8=0),0,IF(OR(ISNUMBER(SEARCH(BM8,$C8)),ISNUMBER(SEARCH($C8,BM8))),1,0)) -> 0 | BO8: {=IF(OR(BM8="",BM8=0),0,IF(SUMPRODUCT(--(ISNUMBER(SEARCH(BM8,$C$2:$C$33))+ISNUMBER(SEARCH($C$2:$C$33,BM8))))>0,1,0))} -> 1 | BP8: {=IF(OR(BM8="",BM8=0),0,IF(SUMPRODUCT((ISNUMBER(SEARCH(BM8,$C$2:$C$33))+ISNUMBER(SEARCH($C$2:$C$33,BM8)))*($B$2:$B$33=$B8))>0,1,0))} -> 0 | BQ8: {=_xlfn.LET(_xlpm.raw,'Other analyst '!R8,_xlpm.mockNames,'Colin''s Mock'!$D$2:$D$258,_xlpm.analystNames,_xlfn.TOCOL($E$2:$I$33),_xlpm.newNames,_xlfn.TOCOL('Other analyst '!$K$2:$R$33),_xlpm.allNames,_xlfn.VSTACK(_xlpm.mockNames,_xlpm.analystNames,_xlpm.newNames),_xlpm.matches,_xlfn._xlws.FILTER(_xlpm.allNames,ISNUMBER(SEARCH(_xlpm.allNames,_xlpm.raw))*(LEN(_xlpm.allNames)>3),""),IF(ISERROR(INDEX(_xlpm.matches,1)),_xlpm.raw,INDEX(_xlpm.matches,1)))} -> Mansoor Delane | BR8: =IF(OR(BQ8="",BQ8=0),0,IF(OR(ISNUMBER(SEARCH(BQ8,$C8)),ISNUMBER(SEARCH($C8,BQ8))),1,0)) -> 0 | BS8: {=IF(OR(BQ8="",BQ8=0),0,IF(SUMPRODUCT(--(ISNUMBER(SEARCH(BQ8,$C$2:$C$33))+ISNUMBER(SEARCH($C$2:$C$33,BQ8))))>0,1,0))} -> 1 | BT8: {=IF(OR(BQ8="",BQ8=0),0,IF(SUMPRODUCT((ISNUMBER(SEARCH(BQ8,$C$2:$C$33))+ISNUMBER(SEARCH($C$2:$C$33,BQ8)))*($B$2:$B$33=$B8))>0,1,0))} -> 0 | BU8: ='Colin Mock wTrade'!D8 -> Carnell Tate | BV8: =IF(BU8="",0,IF(OR(ISNUMBER(SEARCH(BU8,C8)),ISNUMBER(SEARCH(C8,BU8))),1,0)) -> 0 | BW8: {=IF(BU8="",0,IF(SUMPRODUCT(--(ISNUMBER(SEARCH(BU8,$C$2:$C$33))+ISNUMBER(SEARCH($C$2:$C$33,BU8))))>0,1,0))} -> 1 | BX8: {=IF(BU8="",0,IFERROR(IF(SUMPRODUCT((ISNUMBER(SEARCH(BU8,$C$2:$C$33))+ISNUMBER(SEARCH($C$2:$C$33,BU8)))*($B$2:$B$33=VLOOKUP('Colin Mock wTrade'!C8,$CA$1:$CB$32,2,FALSE)))>0,1,0),0))} -> 0 | CA8: NO | CB8: Saints | CC8: ='Other analyst '!S8 -> Mansoor Delane | CD8: =IF(CC8="",0,IF(OR(ISNUMBER(SEARCH(CC8,C8)),ISNUMBER(SEARCH(C8,CC8))),1,0)) -> 0 | CE8: {=IF(CC8="",0,IF(SUMPRODUCT(--(ISNUMBER(SEARCH(CC8,$C$2:$C$33))+ISNUMBER(SEARCH($C$2:$C$33,CC8))))>0,1,0))} -> 1 | CF8: {=IF(CC8="",0,IF(SUMPRODUCT((ISNUMBER(SEARCH(CC8,$C$2:$C$33))+ISNUMBER(SEARCH($C$2:$C$33,CC8)))*($B$2:$B$33=$B8))>0,1,0))} -> 0 | CG8: ='Other analyst '!T8 -> Francis Mauigoa | CH8: =IF(CG8="",0,IF(OR(ISNUMBER(SEARCH(CG8,C8)),ISNUMBER(SEARCH(C8,CG8))),1,0)) -> 0 | CI8: {=IF(CG8="",0,IF(SUMPRODUCT(--(ISNUMBER(SEARCH(CG8,$C$2:$C$33))+ISNUMBER(SEARCH($C$2:$C$33,CG8))))>0,1,0))} -> 1 | CJ8: {=IF(CG8="",0,IF(SUMPRODUCT((ISNUMBER(SEARCH(CG8,$C$2:$C$33))+ISNUMBER(SEARCH($C$2:$C$33,CG8)))*($B$2:$B$33=$B8))>0,1,0))} -> 0 | CK8: ='Other analyst '!U8 -> Carnell Tate | CL8: =IF(CK8="",0,IF(OR(ISNUMBER(SEARCH(CK8,C8)),ISNUMBER(SEARCH(C8,CK8))),1,0)) -> 0 | CM8: {=IF(CK8="",0,IF(SUMPRODUCT(--(ISNUMBER(SEARCH(CK8,$C$2:$C$33))+ISNUMBER(SEARCH($C$2:$C$33,CK8))))>0,1,0))} -> 1 | CN8: {=IF(CK8="",0,IF(SUMPRODUCT((ISNUMBER(SEARCH(CK8,$C$2:$C$33))+ISNUMBER(SEARCH($C$2:$C$33,CK8)))*($B$2:$B$33=$B8))>0,1,0))} -> 0 | CO8: ='Other analyst '!V8 -> Dylan Stewart | CP8: =IF(CO8="",0,IF(OR(ISNUMBER(SEARCH(CO8,C8)),ISNUMBER(SEARCH(C8,CO8))),1,0)) -> 0 | CQ8: {=IF(CO8="",0,IF(SUMPRODUCT(--(ISNUMBER(SEARCH(CO8,$C$2:$C$33))+ISNUMBER(SEARCH($C$2:$C$33,CO8))))>0,1,0))} -> 0 | CR8: {=IF(CO8="",0,IF(SUMPRODUCT((ISNUMBER(SEARCH(CO8,$C$2:$C$33))+ISNUMBER(SEARCH($C$2:$C$33,CO8)))*($B$2:$B$33=$B8))>0,1,0))} -> 0 | CS8: ='Other analyst '!W8 -> Jeremiyah Love | CT8: =IF(CS8="",0,IF(OR(ISNUMBER(SEARCH(CS8,C8)),ISNUMBER(SEARCH(C8,CS8))),1,0)) -> 0 | CU8: {=IF(CS8="",0,IF(SUMPRODUCT(--(ISNUMBER(SEARCH(CS8,$C$2:$C$33))+ISNUMBER(SEARCH($C$2:$C$33,CS8))))>0,1,0))} -> 1 | CV8: {=IF(CS8="",0,IFERROR(IF(SUMPRODUCT((ISNUMBER(SEARCH(CS8,$C$2:$C$33))+ISNUMBER(SEARCH($C$2:$C$33,CS8)))*(ISNUMBER(SEARCH($B$2:$B$33,'Other analyst '!B8))+ISNUMBER(SEARCH('Other analyst '!B8,$B$2:$B$33))))>0,1,0),0))} -> 0 | CW8: ='Other analyst '!AD8 -> Caleb Downs | CX8: =IF(CW8="",0,IF(OR(ISNUMBER(SEARCH(CW8,C8)),ISNUMBER(SEARCH(C8,CW8))),1,0)) -> 0 | CY8: {=IF(CW8="",0,IF(SUMPRODUCT(--(ISNUMBER(SEARCH(CW8,$C$2:$C$33))+ISNUMBER(SEARCH($C$2:$C$33,CW8))))>0,1,0))} -> 1 | CZ8: {=IF(CW8="",0,IF(SUMPRODUCT((ISNUMBER(SEARCH(CW8,$C$2:$C$33))+ISNUMBER(SEARCH($C$2:$C$33,CW8)))*($B$2:$B$33=$B8))>0,1,0))} -> 0 | DA8: ='Other analyst '!AE8 -> Sonny Styles | DB8: =IF(DA8="",0,IF(OR(ISNUMBER(SEARCH(DA8,C8)),ISNUMBER(SEARCH(C8,DA8))),1,0)) -> 1 | DC8: {=IF(DA8="",0,IF(SUMPRODUCT(--(ISNUMBER(SEARCH(DA8,$C$2:$C$33))+ISNUMBER(SEARCH($C$2:$C$33,DA8))))>0,1,0))} -> 1 | DD8: {=IF(DA8="",0,IF(SUMPRODUCT((ISNUMBER(SEARCH(DA8,$C$2:$C$33))+ISNUMBER(SEARCH($C$2:$C$33,DA8)))*($B$2:$B$33=$B8))>0,1,0))} -> 1 | DE8: ='Other analyst '!AF8 -> Jeremiyah Love | DF8: =IF(DE8="",0,IF(OR(ISNUMBER(SEARCH(DE8,C8)),ISNUMBER(SEARCH(C8,DE8))),1,0)) -> 0 | DG8: {=IF(DE8="",0,IF(SUMPRODUCT(--(ISNUMBER(SEARCH(DE8,$C$2:$C$33))+ISNUMBER(SEARCH($C$2:$C$33,DE8))))>0,1,0))} -> 1 | DH8: {=IF(DE8="",0,IF(SUMPRODUCT((ISNUMBER(SEARCH(DE8,$C$2:$C$33))+ISNUMBER(SEARCH($C$2:$C$33,DE8)))*($B$2:$B$33=$B8))>0,1,0))} -> 0 | DI8: ='Other analyst '!AG8 -> Mansoor Delane | DJ8: =IF(DI8="",0,IF(OR(ISNUMBER(SEARCH(DI8,C8)),ISNUMBER(SEARCH(C8,DI8))),1,0)) -> 0 | DK8: {=IF(DI8="",0,IF(SUMPRODUCT(--(ISNUMBER(SEARCH(DI8,$C$2:$C$33))+ISNUMBER(SEARCH($C$2:$C$33,DI8))))>0,1,0))} -> 1 | DL8: {=IF(DI8="",0,IF(SUMPRODUCT((ISNUMBER(SEARCH(DI8,$C$2:$C$33))+ISNUMBER(SEARCH($C$2:$C$33,DI8)))*($B$2:$B$33=$B8))>0,1,0))} -> 0 | DM8: ='Other analyst '!AB8 -> Carnell Tate | DN8: =IF(DM8="",0,IF(OR(ISNUMBER(SEARCH(DM8,C8)),ISNUMBER(SEARCH(C8,DM8))),1,0)) -> 0 | DO8: {=IF(DM8="",0,IF(SUMPRODUCT(--(ISNUMBER(SEARCH(DM8,$C$2:$C$33))+ISNUMBER(SEARCH($C$2:$C$33,DM8))))>0,1,0))} -> 1 | DP8: {=IF(DM8="",0,IFERROR(IF(SUMPRODUCT((ISNUMBER(SEARCH(DM8,$C$2:$C$33))+ISNUMBER(SEARCH($C$2:$C$33,DM8)))*(ISNUMBER(SEARCH($B$2:$B$33,'Other analyst '!B8))+ISNUMBER(SEARCH('Other analyst '!B8,$B$2:$B$33))))>0,1,0),0))} -> 0 | DQ8: ='Other analyst '!AC8 -> Caleb Downs | DR8: =IF(DQ8="",0,IF(OR(ISNUMBER(SEARCH(DQ8,C8)),ISNUMBER(SEARCH(C8,DQ8))),1,0)) -> 0 | DS8: {=IF(DQ8="",0,IF(SUMPRODUCT(--(ISNUMBER(SEARCH(DQ8,$C$2:$C$33))+ISNUMBER(SEARCH($C$2:$C$33,DQ8))))>0,1,0))} -> 1 | DT8: {=IF(DQ8="",0,IFERROR(IF(SUMPRODUCT((ISNUMBER(SEARCH(DQ8,$C$2:$C$33))+ISNUMBER(SEARCH($C$2:$C$33,DQ8)))*(ISNUMBER(SEARCH($B$2:$B$33,'Other analyst '!B8))+ISNUMBER(SEARCH('Other analyst '!B8,$B$2:$B$33))))>0,1,0),0))} -> 0 | DU8: =IFERROR(TRIM(LEFT(IF(ISNUMBER(SEARCH("]",'Other analyst '!X8)),MID('Other analyst '!X8,SEARCH("]",'Other analyst '!X8)+1,200),'Other analyst '!X8),IFERROR(SEARCH(" (",IF(ISNUMBER(SEARCH("]",'Other analyst '!X8)),MID('Other analyst '!X8,SEARCH("]",'Other analyst '!X8)+1,200),'Other analyst '!X8))-1,LEN('Other analyst '!X8)))),"") -> Carnell Tate | DV8: =IF(DU8="",0,IF(OR(ISNUMBER(SEARCH(DU8,C8)),ISNUMBER(SEARCH(C8,DU8))),1,0)) -> 0 | DW8: {=IF(DU8="",0,IF(SUMPRODUCT((ISNUMBER(SEARCH(DU8,$C$2:$C$33))+ISNUMBER(SEARCH($C$2:$C$33,DU8))))>0,1,0))} -> 1 | DX8: 0 | DY8: =IFERROR(TRIM(LEFT(IF(ISNUMBER(SEARCH("]",'Other analyst '!Y8)),MID('Other analyst '!Y8,SEARCH("]",'Other analyst '!Y8)+1,200),'Other analyst '!Y8),IFERROR(SEARCH(" (",IF(ISNUMBER(SEARCH("]",'Other analyst '!Y8)),MID('Other analyst '!Y8,SEARCH("]",'Other analyst '!Y8)+1,200),'Other analyst '!Y8))-1,LEN('Other analyst '!Y8)))),"") -> Carnell Tate | DZ8: =IF(DY8="",0,IF(OR(ISNUMBER(SEARCH(DY8,C8)),ISNUMBER(SEARCH(C8,DY8))),1,0)) -> 0 | EA8: {=IF(DY8="",0,IF(SUMPRODUCT((ISNUMBER(SEARCH(DY8,$C$2:$C$33))+ISNUMBER(SEARCH($C$2:$C$33,DY8))))>0,1,0))} -> 1 | EB8: 0 | EC8: =IFERROR(TRIM(LEFT(IF(ISNUMBER(SEARCH("]",'Other analyst '!Z8)),MID('Other analyst '!Z8,SEARCH("]",'Other analyst '!Z8)+1,200),'Other analyst '!Z8),IFERROR(SEARCH(" (",IF(ISNUMBER(SEARCH("]",'Other analyst '!Z8)),MID('Other analyst '!Z8,SEARCH("]",'Other analyst '!Z8)+1,200),'Other analyst '!Z8))-1,LEN('Other analyst '!Z8)))),"") -> Mansoor Delane | ED8: =IF(EC8="",0,IF(OR(ISNUMBER(SEARCH(EC8,C8)),ISNUMBER(SEARCH(C8,EC8))),1,0)) -> 0 | EE8: {=IF(EC8="",0,IF(SUMPRODUCT((ISNUMBER(SEARCH(EC8,$C$2:$C$33))+ISNUMBER(SEARCH($C$2:$C$33,EC8))))>0,1,0))} -> 1 | EF8: 0 | EG8: =IFERROR(TRIM(LEFT(IF(ISNUMBER(SEARCH("]",'Other analyst '!AA8)),MID('Other analyst '!AA8,SEARCH("]",'Other analyst '!AA8)+1,200),'Other analyst '!AA8),IFERROR(SEARCH(" (",IF(ISNUMBER(SEARCH("]",'Other analyst '!AA8)),MID('Other analyst '!AA8,SEARCH("]",'Other analyst '!AA8)+1,200),'Other analyst '!AA8))-1,LEN('Other analyst '!AA8)))),"") -> Sonny Styles | EH8: =IF(EG8="",0,IF(OR(ISNUMBER(SEARCH(EG8,C8)),ISNUMBER(SEARCH(C8,EG8))),1,0)) -> 1 | EI8: {=IF(EG8="",0,IF(SUMPRODUCT((ISNUMBER(SEARCH(EG8,$C$2:$C$33))+ISNUMBER(SEARCH($C$2:$C$33,EG8))))>0,1,0))} -> 1 | EJ8: 0 | EK8: =K8+L8+M8+N8+O8+P8+AF8+AI8+AL8+AP8+AT8+AX8+BB8+BF8+BJ8+BN8+BR8+BV8+CD8+CH8+CL8+CP8+CT8+DV8+DZ8+ED8+EH8+DN8+DR8+CX8+DB8+DF8+DJ8 -> 6
A9: 8 | B9: ='Actual nfl first round'!C9 -> Saints | C9: {=_xlfn.LET(_xlpm.actual, 'Actual nfl first round'!D9, _xlpm.analystNames, _xlfn.TOCOL($E$2:$I$33), _xlpm.mockNames, 'Colin''s Mock'!$D$2:$D$258, _xlpm.allNames, _xlfn.VSTACK(_xlpm.analystNames, _xlpm.mockNames), _xlpm.matches, _xlfn._xlws.FILTER(_xlpm.allNames, ISNUMBER(SEARCH(_xlpm.allNames, _xlpm.actual))*(LEN(_xlpm.allNames)>3), ""), IF(ISERROR(INDEX(_xlpm.matches,1)), _xlpm.actual, INDEX(_xlpm.matches,1)))} -> Jordyn Tyson | D9: ='Colin''s Mock'!D9 -> Rueben Bain | E9: =_xlfn.LET(_xlpm.raw, 'Other analyst '!C9, _xlpm.s, IF(LEFT(_xlpm.raw,1)="[", MID(_xlpm.raw, FIND("] ",_xlpm.raw)+2, 999), _xlpm.raw), IFERROR(TRIM(LEFT(_xlpm.s, FIND(" (",_xlpm.s)-1)), _xlpm.raw)) -> Jordyn Tyson | F9: =_xlfn.LET(_xlpm.raw, 'Other analyst '!D9, _xlpm.s, IF(LEFT(_xlpm.raw,1)="[", MID(_xlpm.raw, FIND("] ",_xlpm.raw)+2, 999), _xlpm.raw), IFERROR(TRIM(LEFT(_xlpm.s, FIND(" (",_xlpm.s)-1)), _xlpm.raw)) -> Rueben Bain Jr. | G9: =_xlfn.LET(_xlpm.raw, 'Other analyst '!E9, _xlpm.s, IF(LEFT(_xlpm.raw,1)="[", MID(_xlpm.raw, FIND("] ",_xlpm.raw)+2, 999), _xlpm.raw), IFERROR(TRIM(LEFT(_xlpm.s, FIND(" (",_xlpm.s)-1)), _xlpm.raw)) -> Caleb Downs | H9: =_xlfn.LET(_xlpm.raw, 'Other analyst '!F9, _xlpm.s, IF(LEFT(_xlpm.raw,1)="[", MID(_xlpm.raw, FIND("] ",_xlpm.raw)+2, 999), _xlpm.raw), IFERROR(TRIM(LEFT(_xlpm.s, FIND(" (",_xlpm.s)-1)), _xlpm.raw)) -> Carnell Tate | I9: =_xlfn.LET(_xlpm.raw, 'Other analyst '!G9, _xlpm.s, IF(LEFT(_xlpm.raw,1)="[", MID(_xlpm.raw, FIND("] ",_xlpm.raw)+2, 999), _xlpm.raw), IFERROR(TRIM(LEFT(_xlpm.s, FIND(" (",_xlpm.s)-1)), _xlpm.raw)) -> Mansoor Delane | K9: =IF(OR(D9="", C9=""), 0, IF(OR(EXACT(TRIM(D9),TRIM(C9)), ISNUMBER(SEARCH(D9, C9)), ISNUMBER(SEARCH(C9, D9))), 1, 0)) -> 0 | L9: =IF(OR(E9="", C9=""), 0, IF(OR(EXACT(TRIM(E9),TRIM(C9)), ISNUMBER(SEARCH(E9, C9)), ISNUMBER(SEARCH(C9, E9))), 1, 0)) -> 1 | M9: =IF(OR(F9="", C9=""), 0, IF(OR(EXACT(TRIM(F9),TRIM(C9)), ISNUMBER(SEARCH(F9, C9)), ISNUMBER(SEARCH(C9, F9))), 1, 0)) -> 0 | N9: =IF(OR(G9="", C9=""), 0, IF(OR(EXACT(TRIM(G9),TRIM(C9)), ISNUMBER(SEARCH(G9, C9)), ISNUMBER(SEARCH(C9, G9))), 1, 0)) -> 0 | O9: =IF(OR(H9="", C9=""), 0, IF(OR(EXACT(TRIM(H9),TRIM(C9)), ISNUMBER(SEARCH(H9, C9)), ISNUMBER(SEARCH(C9, H9))), 1, 0)) -> 0 | P9: =IF(OR(I9="", C9=""), 0, IF(OR(EXACT(TRIM(I9),TRIM(C9)), ISNUMBER(SEARCH(I9, C9)), ISNUMBER(SEARCH(C9, I9))), 1, 0)) -> 0 | Q9: {=IF(D9="", 0, IF(SUMPRODUCT(--(ISNUMBER(SEARCH(D9, $C$2:$C$33)) + ISNUMBER(SEARCH($C$2:$C$33, D9))))>0, 1, 0))} -> 1 | R9: {=IF(E9="", 0, IF(SUMPRODUCT(--(ISNUMBER(SEARCH(E9, $C$2:$C$33)) + ISNUMBER(SEARCH($C$2:$C$33, E9))))>0, 1, 0))} -> 1 | S9: {=IF(F9="", 0, IF(SUMPRODUCT(--(ISNUMBER(SEARCH(F9, $C$2:$C$33)) + ISNUMBER(SEARCH($C$2:$C$33, F9))))>0, 1, 0))} -> 1 | T9: {=IF(G9="", 0, IF(SUMPRODUCT(--(ISNUMBER(SEARCH(G9, $C$2:$C$33)) + ISNUMBER(SEARCH($C$2:$C$33, G9))))>0, 1, 0))} -> 1 | U9: {=IF(H9="", 0, IF(SUMPRODUCT(--(ISNUMBER(SEARCH(H9, $C$2:$C$33)) + ISNUMBER(SEARCH($C$2:$C$33, H9))))>0, 1, 0))} -> 1 | V9: {=IF(I9="", 0, IF(SUMPRODUCT(--(ISNUMBER(SEARCH(I9, $C$2:$C$33)) + ISNUMBER(SEARCH($C$2:$C$33, I9))))>0, 1, 0))} -> 1 | W9: {=IF(D9="",0,IF(SUMPRODUCT((ISNUMBER(SEARCH(D9,$C$2:$C$33))+ISNUMBER(SEARCH($C$2:$C$33,D9)))*($B$2:$B$33=$B9))>0,1,0))} -> 0 | X9: {=IF(E9="",0,IF(SUMPRODUCT((ISNUMBER(SEARCH(E9,$C$2:$C$33))+ISNUMBER(SEARCH($C$2:$C$33,E9)))*($B$2:$B$33=$B9))>0,1,0))} -> 1 | Y9: {=IF(F9="",0,IF(SUMPRODUCT((ISNUMBER(SEARCH(F9,$C$2:$C$33))+ISNUMBER(SEARCH($C$2:$C$33,F9)))*($B$2:$B$33=$B9))>0,1,0))} -> 0 | Z9: {=IF(G9="",0,IF(SUMPRODUCT((ISNUMBER(SEARCH(G9,$C$2:$C$33))+ISNUMBER(SEARCH($C$2:$C$33,G9)))*($B$2:$B$33=$B9))>0,1,0))} -> 0 | AA9: {=IF(H9="",0,IF(SUMPRODUCT((ISNUMBER(SEARCH(H9,$C$2:$C$33))+ISNUMBER(SEARCH($C$2:$C$33,H9)))*($B$2:$B$33=$B9))>0,1,0))} -> 0 | AB9: {=IF(I9="",0,IF(SUMPRODUCT((ISNUMBER(SEARCH(I9,$C$2:$C$33))+ISNUMBER(SEARCH($C$2:$C$33,I9)))*($B$2:$B$33=$B9))>0,1,0))} -> 0 | AC9: Francis Mauigoa | AD9: Rueben Bain Jr. | AE9: Rueben Bain Jr. | AF9: =IF(AC9="",0,IF((ISNUMBER(SEARCH(AC9,C9))+ISNUMBER(SEARCH(C9,AC9)))>0,1,0)) -> 0 | AG9: {=IF(AC9="",0,IF(SUMPRODUCT((ISNUMBER(SEARCH(AC9,$C$2:$C$33))+ISNUMBER(SEARCH($C$2:$C$33,AC9))))>0,1,0))} -> 1 | AH9: {=IF(AC9="",0,IF(SUMPRODUCT((ISNUMBER(SEARCH(AC9,$C$2:$C$33))+ISNUMBER(SEARCH($C$2:$C$33,AC9)))*($B$2:$B$33=$B9))>0,1,0))} -> 0 | AI9: =IF(AD9="",0,IF((ISNUMBER(SEARCH(AD9,C9))+ISNUMBER(SEARCH(C9,AD9)))>0,1,0)) -> 0 | AJ9: {=IF(AD9="",0,IF(SUMPRODUCT((ISNUMBER(SEARCH(AD9,$C$2:$C$33))+ISNUMBER(SEARCH($C$2:$C$33,AD9))))>0,1,0))} -> 1 | AK9: {=IF(AD9="",0,IF(SUMPRODUCT((ISNUMBER(SEARCH(AD9,$C$2:$C$33))+ISNUMBER(SEARCH($C$2:$C$33,AD9)))*($B$2:$B$33=$B9))>0,1,0))} -> 0 | AL9: =IF(AE9="",0,IF((ISNUMBER(SEARCH(AE9,C9))+ISNUMBER(SEARCH(C9,AE9)))>0,1,0)) -> 0 | AM9: {=IF(AE9="",0,IF(SUMPRODUCT((ISNUMBER(SEARCH(AE9,$C$2:$C$33))+ISNUMBER(SEARCH($C$2:$C$33,AE9))))>0,1,0))} -> 1 | AN9: {=IF(AE9="",0,IF(SUMPRODUCT((ISNUMBER(SEARCH(AE9,$C$2:$C$33))+ISNUMBER(SEARCH($C$2:$C$33,AE9)))*($B$2:$B$33=$B9))>0,1,0))} -> 0 | AO9: {=_xlfn.LET(_xlpm.raw,'Other analyst '!K9,_xlpm.mockNames,'Colin''s Mock'!$D$2:$D$258,_xlpm.analystNames,_xlfn.TOCOL($E$2:$I$33),_xlpm.newNames,_xlfn.TOCOL('Other analyst '!$K$2:$R$33),_xlpm.allNames,_xlfn.VSTACK(_xlpm.mockNames,_xlpm.analystNames,_xlpm.newNames),_xlpm.matches,_xlfn._xlws.FILTER(_xlpm.allNames,ISNUMBER(SEARCH(_xlpm.allNames,_xlpm.raw))*(LEN(_xlpm.allNames)>3),""),IF(ISERROR(INDEX(_xlpm.matches,1)),_xlpm.raw,INDEX(_xlpm.matches,1)))} -> Carnell Tate | AP9: =IF(OR(AO9="",AO9=0),0,IF(OR(ISNUMBER(SEARCH(AO9,$C9)),ISNUMBER(SEARCH($C9,AO9))),1,0)) -> 0 | AQ9: {=IF(OR(AO9="",AO9=0),0,IF(SUMPRODUCT(--(ISNUMBER(SEARCH(AO9,$C$2:$C$33))+ISNUMBER(SEARCH($C$2:$C$33,AO9))))>0,1,0))} -> 1 | AR9: {=IF(OR(AO9="",AO9=0),0,IF(SUMPRODUCT((ISNUMBER(SEARCH(AO9,$C$2:$C$33))+ISNUMBER(SEARCH($C$2:$C$33,AO9)))*($B$2:$B$33=$B9))>0,1,0))} -> 0 | AS9: {=_xlfn.LET(_xlpm.raw,'Other analyst '!L9,_xlpm.mockNames,'Colin''s Mock'!$D$2:$D$258,_xlpm.analystNames,_xlfn.TOCOL($E$2:$I$33),_xlpm.newNames,_xlfn.TOCOL('Other analyst '!$K$2:$R$33),_xlpm.allNames,_xlfn.VSTACK(_xlpm.mockNames,_xlpm.analystNames,_xlpm.newNames),_xlpm.matches,_xlfn._xlws.FILTER(_xlpm.allNames,ISNUMBER(SEARCH(_xlpm.allNames,_xlpm.raw))*(LEN(_xlpm.allNames)>3),""),IF(ISERROR(INDEX(_xlpm.matches,1)),_xlpm.raw,INDEX(_xlpm.matches,1)))} -> Rueben Bain | AT9: =IF(OR(AS9="",AS9=0),0,IF(OR(ISNUMBER(SEARCH(AS9,$C9)),ISNUMBER(SEARCH($C9,AS9))),1,0)) -> 0 | AU9: {=IF(OR(AS9="",AS9=0),0,IF(SUMPRODUCT(--(ISNUMBER(SEARCH(AS9,$C$2:$C$33))+ISNUMBER(SEARCH($C$2:$C$33,AS9))))>0,1,0))} -> 1 | AV9: {=IF(OR(AS9="",AS9=0),0,IF(SUMPRODUCT((ISNUMBER(SEARCH(AS9,$C$2:$C$33))+ISNUMBER(SEARCH($C$2:$C$33,AS9)))*($B$2:$B$33=$B9))>0,1,0))} -> 0 | AW9: {=_xlfn.LET(_xlpm.raw,'Other analyst '!M9,_xlpm.mockNames,'Colin''s Mock'!$D$2:$D$258,_xlpm.analystNames,_xlfn.TOCOL($E$2:$I$33),_xlpm.newNames,_xlfn.TOCOL('Other analyst '!$K$2:$R$33),_xlpm.allNames,_xlfn.VSTACK(_xlpm.mockNames,_xlpm.analystNames,_xlpm.newNames),_xlpm.matches,_xlfn._xlws.FILTER(_xlpm.allNames,ISNUMBER(SEARCH(_xlpm.allNames,_xlpm.raw))*(LEN(_xlpm.allNames)>3),""),IF(ISERROR(INDEX(_xlpm.matches,1)),_xlpm.raw,INDEX(_xlpm.matches,1)))} -> Carnell Tate | AX9: =IF(OR(AW9="",AW9=0),0,IF(OR(ISNUMBER(SEARCH(AW9,$C9)),ISNUMBER(SEARCH($C9,AW9))),1,0)) -> 0 | AY9: {=IF(OR(AW9="",AW9=0),0,IF(SUMPRODUCT(--(ISNUMBER(SEARCH(AW9,$C$2:$C$33))+ISNUMBER(SEARCH($C$2:$C$33,AW9))))>0,1,0))} -> 1 | AZ9: {=IF(OR(AW9="",AW9=0),0,IF(SUMPRODUCT((ISNUMBER(SEARCH(AW9,$C$2:$C$33))+ISNUMBER(SEARCH($C$2:$C$33,AW9)))*($B$2:$B$33=$B9))>0,1,0))} -> 0 | BA9: {=_xlfn.LET(_xlpm.raw,'Other analyst '!N9,_xlpm.mockNames,'Colin''s Mock'!$D$2:$D$258,_xlpm.analystNames,_xlfn.TOCOL($E$2:$I$33),_xlpm.newNames,_xlfn.TOCOL('Other analyst '!$K$2:$R$33),_xlpm.allNames,_xlfn.VSTACK(_xlpm.mockNames,_xlpm.analystNames,_xlpm.newNames),_xlpm.matches,_xlfn._xlws.FILTER(_xlpm.allNames,ISNUMBER(SEARCH(_xlpm.allNames,_xlpm.raw))*(LEN(_xlpm.allNames)>3),""),IF(ISERROR(INDEX(_xlpm.matches,1)),_xlpm.raw,INDEX(_xlpm.matches,1)))} -> Jordyn Tyson | BB9: =IF(OR(BA9="",BA9=0),0,IF(OR(ISNUMBER(SEARCH(BA9,$C9)),ISNUMBER(SEARCH($C9,BA9))),1,0)) -> 1 | BC9: {=IF(OR(BA9="",BA9=0),0,IF(SUMPRODUCT(--(ISNUMBER(SEARCH(BA9,$C$2:$C$33))+ISNUMBER(SEARCH($C$2:$C$33,BA9))))>0,1,0))} -> 1 | BD9: {=IF(OR(BA9="",BA9=0),0,IF(SUMPRODUCT((ISNUMBER(SEARCH(BA9,$C$2:$C$33))+ISNUMBER(SEARCH($C$2:$C$33,BA9)))*($B$2:$B$33=$B9))>0,1,0))} -> 1 | BE9: {=_xlfn.LET(_xlpm.raw,'Other analyst '!O9,_xlpm.mockNames,'Colin''s Mock'!$D$2:$D$258,_xlpm.analystNames,_xlfn.TOCOL($E$2:$I$33),_xlpm.newNames,_xlfn.TOCOL('Other analyst '!$K$2:$R$33),_xlpm.allNames,_xlfn.VSTACK(_xlpm.mockNames,_xlpm.analystNames,_xlpm.newNames),_xlpm.matches,_xlfn._xlws.FILTER(_xlpm.allNames,ISNUMBER(SEARCH(_xlpm.allNames,_xlpm.raw))*(LEN(_xlpm.allNames)>3),""),IF(ISERROR(INDEX(_xlpm.matches,1)),_xlpm.raw,INDEX(_xlpm.matches,1)))} -> Rueben Bain | BF9: =IF(OR(BE9="",BE9=0),0,IF(OR(ISNUMBER(SEARCH(BE9,$C9)),ISNUMBER(SEARCH($C9,BE9))),1,0)) -> 0 | BG9: {=IF(OR(BE9="",BE9=0),0,IF(SUMPRODUCT(--(ISNUMBER(SEARCH(BE9,$C$2:$C$33))+ISNUMBER(SEARCH($C$2:$C$33,BE9))))>0,1,0))} -> 1 | BH9: {=IF(OR(BE9="",BE9=0),0,IF(SUMPRODUCT((ISNUMBER(SEARCH(BE9,$C$2:$C$33))+ISNUMBER(SEARCH($C$2:$C$33,BE9)))*($B$2:$B$33=$B9))>0,1,0))} -> 0 | BI9: {=_xlfn.LET(_xlpm.raw,'Other analyst '!P9,_xlpm.mockNames,'Colin''s Mock'!$D$2:$D$258,_xlpm.analystNames,_xlfn.TOCOL($E$2:$I$33),_xlpm.newNames,_xlfn.TOCOL('Other analyst '!$K$2:$R$33),_xlpm.allNames,_xlfn.VSTACK(_xlpm.mockNames,_xlpm.analystNames,_xlpm.newNames),_xlpm.matches,_xlfn._xlws.FILTER(_xlpm.allNames,ISNUMBER(SEARCH(_xlpm.allNames,_xlpm.raw))*(LEN(_xlpm.allNames)>3),""),IF(ISERROR(INDEX(_xlpm.matches,1)),_xlpm.raw,INDEX(_xlpm.matches,1)))} -> Jordyn Tyson | BJ9: =IF(OR(BI9="",BI9=0),0,IF(OR(ISNUMBER(SEARCH(BI9,$C9)),ISNUMBER(SEARCH($C9,BI9))),1,0)) -> 1 | BK9: {=IF(OR(BI9="",BI9=0),0,IF(SUMPRODUCT(--(ISNUMBER(SEARCH(BI9,$C$2:$C$33))+ISNUMBER(SEARCH($C$2:$C$33,BI9))))>0,1,0))} -> 1 | BL9: {=IF(OR(BI9="",BI9=0),0,IF(SUMPRODUCT((ISNUMBER(SEARCH(BI9,$C$2:$C$33))+ISNUMBER(SEARCH($C$2:$C$33,BI9)))*($B$2:$B$33=$B9))>0,1,0))} -> 1 | BM9: {=_xlfn.LET(_xlpm.raw,'Other analyst '!Q9,_xlpm.mockNames,'Colin''s Mock'!$D$2:$D$258,_xlpm.analystNames,_xlfn.TOCOL($E$2:$I$33),_xlpm.newNames,_xlfn.TOCOL('Other analyst '!$K$2:$R$33),_xlpm.allNames,_xlfn.VSTACK(_xlpm.mockNames,_xlpm.analystNames,_xlpm.newNames),_xlpm.matches,_xlfn._xlws.FILTER(_xlpm.allNames,ISNUMBER(SEARCH(_xlpm.allNames,_xlpm.raw))*(LEN(_xlpm.allNames)>3),""),IF(ISERROR(INDEX(_xlpm.matches,1)),_xlpm.raw,INDEX(_xlpm.matches,1)))} -> Carnell Tate | BN9: =IF(OR(BM9="",BM9=0),0,IF(OR(ISNUMBER(SEARCH(BM9,$C9)),ISNUMBER(SEARCH($C9,BM9))),1,0)) -> 0 | BO9: {=IF(OR(BM9="",BM9=0),0,IF(SUMPRODUCT(--(ISNUMBER(SEARCH(BM9,$C$2:$C$33))+ISNUMBER(SEARCH($C$2:$C$33,BM9))))>0,1,0))} -> 1 | BP9: {=IF(OR(BM9="",BM9=0),0,IF(SUMPRODUCT((ISNUMBER(SEARCH(BM9,$C$2:$C$33))+ISNUMBER(SEARCH($C$2:$C$33,BM9)))*($B$2:$B$33=$B9))>0,1,0))} -> 0 | BQ9: {=_xlfn.LET(_xlpm.raw,'Other analyst '!R9,_xlpm.mockNames,'Colin''s Mock'!$D$2:$D$258,_xlpm.analystNames,_xlfn.TOCOL($E$2:$I$33),_xlpm.newNames,_xlfn.TOCOL('Other analyst '!$K$2:$R$33),_xlpm.allNames,_xlfn.VSTACK(_xlpm.mockNames,_xlpm.analystNames,_xlpm.newNames),_xlpm.matches,_xlfn._xlws.FILTER(_xlpm.allNames,ISNUMBER(SEARCH(_xlpm.allNames,_xlpm.raw))*(LEN(_xlpm.allNames)>3),""),IF(ISERROR(INDEX(_xlpm.matches,1)),_xlpm.raw,INDEX(_xlpm.matches,1)))} -> Rueben Bain | BR9: =IF(OR(BQ9="",BQ9=0),0,IF(OR(ISNUMBER(SEARCH(BQ9,$C9)),ISNUMBER(SEARCH($C9,BQ9))),1,0)) -> 0 | BS9: {=IF(OR(BQ9="",BQ9=0),0,IF(SUMPRODUCT(--(ISNUMBER(SEARCH(BQ9,$C$2:$C$33))+ISNUMBER(SEARCH($C$2:$C$33,BQ9))))>0,1,0))} -> 1 | BT9: {=IF(OR(BQ9="",BQ9=0),0,IF(SUMPRODUCT((ISNUMBER(SEARCH(BQ9,$C$2:$C$33))+ISNUMBER(SEARCH($C$2:$C$33,BQ9)))*($B$2:$B$33=$B9))>0,1,0))} -> 0 | BU9: ='Colin Mock wTrade'!D9 -> Rueben Bain | BV9: =IF(BU9="",0,IF(OR(ISNUMBER(SEARCH(BU9,C9)),ISNUMBER(SEARCH(C9,BU9))),1,0)) -> 0 | BW9: {=IF(BU9="",0,IF(SUMPRODUCT(--(ISNUMBER(SEARCH(BU9,$C$2:$C$33))+ISNUMBER(SEARCH($C$2:$C$33,BU9))))>0,1,0))} -> 1 | BX9: {=IF(BU9="",0,IFERROR(IF(SUMPRODUCT((ISNUMBER(SEARCH(BU9,$C$2:$C$33))+ISNUMBER(SEARCH($C$2:$C$33,BU9)))*($B$2:$B$33=VLOOKUP('Colin Mock wTrade'!C9,$CA$1:$CB$32,2,FALSE)))>0,1,0),0))} -> 0 | CA9: KC | CB9: Chiefs | CC9: ='Other analyst '!S9 -> Carnell Tate | CD9: =IF(CC9="",0,IF(OR(ISNUMBER(SEARCH(CC9,C9)),ISNUMBER(SEARCH(C9,CC9))),1,0)) -> 0 | CE9: {=IF(CC9="",0,IF(SUMPRODUCT(--(ISNUMBER(SEARCH(CC9,$C$2:$C$33))+ISNUMBER(SEARCH($C$2:$C$33,CC9))))>0,1,0))} -> 1 | CF9: {=IF(CC9="",0,IF(SUMPRODUCT((ISNUMBER(SEARCH(CC9,$C$2:$C$33))+ISNUMBER(SEARCH($C$2:$C$33,CC9)))*($B$2:$B$33=$B9))>0,1,0))} -> 0 | CG9: ='Other analyst '!T9 -> Carnell Tate | CH9: =IF(CG9="",0,IF(OR(ISNUMBER(SEARCH(CG9,C9)),ISNUMBER(SEARCH(C9,CG9))),1,0)) -> 0 | CI9: {=IF(CG9="",0,IF(SUMPRODUCT(--(ISNUMBER(SEARCH(CG9,$C$2:$C$33))+ISNUMBER(SEARCH($C$2:$C$33,CG9))))>0,1,0))} -> 1 | CJ9: {=IF(CG9="",0,IF(SUMPRODUCT((ISNUMBER(SEARCH(CG9,$C$2:$C$33))+ISNUMBER(SEARCH($C$2:$C$33,CG9)))*($B$2:$B$33=$B9))>0,1,0))} -> 0 | CK9: ='Other analyst '!U9 -> Rueben Bain Jr. | CL9: =IF(CK9="",0,IF(OR(ISNUMBER(SEARCH(CK9,C9)),ISNUMBER(SEARCH(C9,CK9))),1,0)) -> 0 | CM9: {=IF(CK9="",0,IF(SUMPRODUCT(--(ISNUMBER(SEARCH(CK9,$C$2:$C$33))+ISNUMBER(SEARCH($C$2:$C$33,CK9))))>0,1,0))} -> 1 | CN9: {=IF(CK9="",0,IF(SUMPRODUCT((ISNUMBER(SEARCH(CK9,$C$2:$C$33))+ISNUMBER(SEARCH($C$2:$C$33,CK9)))*($B$2:$B$33=$B9))>0,1,0))} -> 0 | CO9: ='Other analyst '!V9 -> Colin Simmons | CP9: =IF(CO9="",0,IF(OR(ISNUMBER(SEARCH(CO9,C9)),ISNUMBER(SEARCH(C9,CO9))),1,0)) -> 0 | CQ9: {=IF(CO9="",0,IF(SUMPRODUCT(--(ISNUMBER(SEARCH(CO9,$C$2:$C$33))+ISNUMBER(SEARCH($C$2:$C$33,CO9))))>0,1,0))} -> 0 | CR9: {=IF(CO9="",0,IF(SUMPRODUCT((ISNUMBER(SEARCH(CO9,$C$2:$C$33))+ISNUMBER(SEARCH($C$2:$C$33,CO9)))*($B$2:$B$33=$B9))>0,1,0))} -> 0 | CS9: ='Other analyst '!W9 -> Makai Lemon | CT9: =IF(CS9="",0,IF(OR(ISNUMBER(SEARCH(CS9,C9)),ISNUMBER(SEARCH(C9,CS9))),1,0)) -> 0 | CU9: {=IF(CS9="",0,IF(SUMPRODUCT(--(ISNUMBER(SEARCH(CS9,$C$2:$C$33))+ISNUMBER(SEARCH($C$2:$C$33,CS9))))>0,1,0))} -> 1 | CV9: {=IF(CS9="",0,IFERROR(IF(SUMPRODUCT((ISNUMBER(SEARCH(CS9,$C$2:$C$33))+ISNUMBER(SEARCH($C$2:$C$33,CS9)))*(ISNUMBER(SEARCH($B$2:$B$33,'Other analyst '!B9))+ISNUMBER(SEARCH('Other analyst '!B9,$B$2:$B$33))))>0,1,0),0))} -> 0 | CW9: ='Other analyst '!AD9 -> Mansoor Delane | CX9: =IF(CW9="",0,IF(OR(ISNUMBER(SEARCH(CW9,C9)),ISNUMBER(SEARCH(C9,CW9))),1,0)) -> 0 | CY9: {=IF(CW9="",0,IF(SUMPRODUCT(--(ISNUMBER(SEARCH(CW9,$C$2:$C$33))+ISNUMBER(SEARCH($C$2:$C$33,CW9))))>0,1,0))} -> 1 | CZ9: {=IF(CW9="",0,IF(SUMPRODUCT((ISNUMBER(SEARCH(CW9,$C$2:$C$33))+ISNUMBER(SEARCH($C$2:$C$33,CW9)))*($B$2:$B$33=$B9))>0,1,0))} -> 0 | DA9: ='Other analyst '!AE9 -> Jordyn Tyson | DB9: =IF(DA9="",0,IF(OR(ISNUMBER(SEARCH(DA9,C9)),ISNUMBER(SEARCH(C9,DA9))),1,0)) -> 1 | DC9: {=IF(DA9="",0,IF(SUMPRODUCT(--(ISNUMBER(SEARCH(DA9,$C$2:$C$33))+ISNUMBER(SEARCH($C$2:$C$33,DA9))))>0,1,0))} -> 1 | DD9: {=IF(DA9="",0,IF(SUMPRODUCT((ISNUMBER(SEARCH(DA9,$C$2:$C$33))+ISNUMBER(SEARCH($C$2:$C$33,DA9)))*($B$2:$B$33=$B9))>0,1,0))} -> 1 | DE9: ='Other analyst '!AF9 -> Mansoor Delane | DF9: =IF(DE9="",0,IF(OR(ISNUMBER(SEARCH(DE9,C9)),ISNUMBER(SEARCH(C9,DE9))),1,0)) -> 0 | DG9: {=IF(DE9="",0,IF(SUMPRODUCT(--(ISNUMBER(SEARCH(DE9,$C$2:$C$33))+ISNUMBER(SEARCH($C$2:$C$33,DE9))))>0,1,0))} -> 1 | DH9: {=IF(DE9="",0,IF(SUMPRODUCT((ISNUMBER(SEARCH(DE9,$C$2:$C$33))+ISNUMBER(SEARCH($C$2:$C$33,DE9)))*($B$2:$B$33=$B9))>0,1,0))} -> 0 | DI9: ='Other analyst '!AG9 -> Jordyn Tyson | DJ9: =IF(DI9="",0,IF(OR(ISNUMBER(SEARCH(DI9,C9)),ISNUMBER(SEARCH(C9,DI9))),1,0)) -> 1 | DK9: {=IF(DI9="",0,IF(SUMPRODUCT(--(ISNUMBER(SEARCH(DI9,$C$2:$C$33))+ISNUMBER(SEARCH($C$2:$C$33,DI9))))>0,1,0))} -> 1 | DL9: {=IF(DI9="",0,IF(SUMPRODUCT((ISNUMBER(SEARCH(DI9,$C$2:$C$33))+ISNUMBER(SEARCH($C$2:$C$33,DI9)))*($B$2:$B$33=$B9))>0,1,0))} -> 1 | DM9: ='Other analyst '!AB9 -> Mansoor Delane | DN9: =IF(DM9="",0,IF(OR(ISNUMBER(SEARCH(DM9,C9)),ISNUMBER(SEARCH(C9,DM9))),1,0)) -> 0 | DO9: {=IF(DM9="",0,IF(SUMPRODUCT(--(ISNUMBER(SEARCH(DM9,$C$2:$C$33))+ISNUMBER(SEARCH($C$2:$C$33,DM9))))>0,1,0))} -> 1 | DP9: {=IF(DM9="",0,IFERROR(IF(SUMPRODUCT((ISNUMBER(SEARCH(DM9,$C$2:$C$33))+ISNUMBER(SEARCH($C$2:$C$33,DM9)))*(ISNUMBER(SEARCH($B$2:$B$33,'Other analyst '!B9))+ISNUMBER(SEARCH('Other analyst '!B9,$B$2:$B$33))))>0,1,0),0))} -> 0 | DQ9: ='Other analyst '!AC9 -> Rueben Bain Jr. | DR9: =IF(DQ9="",0,IF(OR(ISNUMBER(SEARCH(DQ9,C9)),ISNUMBER(SEARCH(C9,DQ9))),1,0)) -> 0 | DS9: {=IF(DQ9="",0,IF(SUMPRODUCT(--(ISNUMBER(SEARCH(DQ9,$C$2:$C$33))+ISNUMBER(SEARCH($C$2:$C$33,DQ9))))>0,1,0))} -> 1 | DT9: {=IF(DQ9="",0,IFERROR(IF(SUMPRODUCT((ISNUMBER(SEARCH(DQ9,$C$2:$C$33))+ISNUMBER(SEARCH($C$2:$C$33,DQ9)))*(ISNUMBER(SEARCH($B$2:$B$33,'Other analyst '!B9))+ISNUMBER(SEARCH('Other analyst '!B9,$B$2:$B$33))))>0,1,0),0))} -> 0 | DU9: =IFERROR(TRIM(LEFT(IF(ISNUMBER(SEARCH("]",'Other analyst '!X9)),MID('Other analyst '!X9,SEARCH("]",'Other analyst '!X9)+1,200),'Other analyst '!X9),IFERROR(SEARCH(" (",IF(ISNUMBER(SEARCH("]",'Other analyst '!X9)),MID('Other analyst '!X9,SEARCH("]",'Other analyst '!X9)+1,200),'Other analyst '!X9))-1,LEN('Other analyst '!X9)))),"") -> Caleb Downs | DV9: =IF(DU9="",0,IF(OR(ISNUMBER(SEARCH(DU9,C9)),ISNUMBER(SEARCH(C9,DU9))),1,0)) -> 0 | DW9: {=IF(DU9="",0,IF(SUMPRODUCT((ISNUMBER(SEARCH(DU9,$C$2:$C$33))+ISNUMBER(SEARCH($C$2:$C$33,DU9))))>0,1,0))} -> 1 | DX9: 0 | DY9: =IFERROR(TRIM(LEFT(IF(ISNUMBER(SEARCH("]",'Other analyst '!Y9)),MID('Other analyst '!Y9,SEARCH("]",'Other analyst '!Y9)+1,200),'Other analyst '!Y9),IFERROR(SEARCH(" (",IF(ISNUMBER(SEARCH("]",'Other analyst '!Y9)),MID('Other analyst '!Y9,SEARCH("]",'Other analyst '!Y9)+1,200),'Other analyst '!Y9))-1,LEN('Other analyst '!Y9)))),"") -> Arvell Reese | DZ9: =IF(DY9="",0,IF(OR(ISNUMBER(SEARCH(DY9,C9)),ISNUMBER(SEARCH(C9,DY9))),1,0)) -> 0 | EA9: {=IF(DY9="",0,IF(SUMPRODUCT((ISNUMBER(SEARCH(DY9,$C$2:$C$33))+ISNUMBER(SEARCH($C$2:$C$33,DY9))))>0,1,0))} -> 1 | EB9: 0 | EC9: =IFERROR(TRIM(LEFT(IF(ISNUMBER(SEARCH("]",'Other analyst '!Z9)),MID('Other analyst '!Z9,SEARCH("]",'Other analyst '!Z9)+1,200),'Other analyst '!Z9),IFERROR(SEARCH(" (",IF(ISNUMBER(SEARCH("]",'Other analyst '!Z9)),MID('Other analyst '!Z9,SEARCH("]",'Other analyst '!Z9)+1,200),'Other analyst '!Z9))-1,LEN('Other analyst '!Z9)))),"") -> Rueben Bain Jr. | ED9: =IF(EC9="",0,IF(OR(ISNUMBER(SEARCH(EC9,C9)),ISNUMBER(SEARCH(C9,EC9))),1,0)) -> 0 | EE9: {=IF(EC9="",0,IF(SUMPRODUCT((ISNUMBER(SEARCH(EC9,$C$2:$C$33))+ISNUMBER(SEARCH($C$2:$C$33,EC9))))>0,1,0))} -> 1 | EF9: 0 | EG9: =IFERROR(TRIM(LEFT(IF(ISNUMBER(SEARCH("]",'Other analyst '!AA9)),MID('Other analyst '!AA9,SEARCH("]",'Other analyst '!AA9)+1,200),'Other analyst '!AA9),IFERROR(SEARCH(" (",IF(ISNUMBER(SEARCH("]",'Other analyst '!AA9)),MID('Other analyst '!AA9,SEARCH("]",'Other analyst '!AA9)+1,200),'Other analyst '!AA9))-1,LEN('Other analyst '!AA9)))),"") -> Caleb Downs | EH9: =IF(EG9="",0,IF(OR(ISNUMBER(SEARCH(EG9,C9)),ISNUMBER(SEARCH(C9,EG9))),1,0)) -> 0 | EI9: {=IF(EG9="",0,IF(SUMPRODUCT((ISNUMBER(SEARCH(EG9,$C$2:$C$33))+ISNUMBER(SEARCH($C$2:$C$33,EG9))))>0,1,0))} -> 1 | EJ9: 0 | EK9: =K9+L9+M9+N9+O9+P9+AF9+AI9+AL9+AP9+AT9+AX9+BB9+BF9+BJ9+BN9+BR9+BV9+CD9+CH9+CL9+CP9+CT9+DV9+DZ9+ED9+EH9+DN9+DR9+CX9+DB9+DF9+DJ9 -> 5
A10: 9 | B10: ='Actual nfl first round'!C10 -> Browns | C10: {=_xlfn.LET(_xlpm.actual, 'Actual nfl first round'!D10, _xlpm.analystNames, _xlfn.TOCOL($E$2:$I$33), _xlpm.mockNames, 'Colin''s Mock'!$D$2:$D$258, _xlpm.allNames, _xlfn.VSTACK(_xlpm.analystNames, _xlpm.mockNames), _xlpm.matches, _xlfn._xlws.FILTER(_xlpm.allNames, ISNUMBER(SEARCH(_xlpm.allNames, _xlpm.actual))*(LEN(_xlpm.allNames)>3), ""), IF(ISERROR(INDEX(_xlpm.matches,1)), _xlpm.actual, INDEX(_xlpm.matches,1)))} -> Spencer Fano | D10: ='Colin''s Mock'!D10 -> Mansoor Delane | E10: =_xlfn.LET(_xlpm.raw, 'Other analyst '!C10, _xlpm.s, IF(LEFT(_xlpm.raw,1)="[", MID(_xlpm.raw, FIND("] ",_xlpm.raw)+2, 999), _xlpm.raw), IFERROR(TRIM(LEFT(_xlpm.s, FIND(" (",_xlpm.s)-1)), _xlpm.raw)) -> Caleb Downs | F10: =_xlfn.LET(_xlpm.raw, 'Other analyst '!D10, _xlpm.s, IF(LEFT(_xlpm.raw,1)="[", MID(_xlpm.raw, FIND("] ",_xlpm.raw)+2, 999), _xlpm.raw), IFERROR(TRIM(LEFT(_xlpm.s, FIND(" (",_xlpm.s)-1)), _xlpm.raw)) -> Jordyn Tyson | G10: =_xlfn.LET(_xlpm.raw, 'Other analyst '!E10, _xlpm.s, IF(LEFT(_xlpm.raw,1)="[", MID(_xlpm.raw, FIND("] ",_xlpm.raw)+2, 999), _xlpm.raw), IFERROR(TRIM(LEFT(_xlpm.s, FIND(" (",_xlpm.s)-1)), _xlpm.raw)) -> Mansoor Delane | H10: =_xlfn.LET(_xlpm.raw, 'Other analyst '!F10, _xlpm.s, IF(LEFT(_xlpm.raw,1)="[", MID(_xlpm.raw, FIND("] ",_xlpm.raw)+2, 999), _xlpm.raw), IFERROR(TRIM(LEFT(_xlpm.s, FIND(" (",_xlpm.s)-1)), _xlpm.raw)) -> Rueben Bain Jr. | I10: =_xlfn.LET(_xlpm.raw, 'Other analyst '!G10, _xlpm.s, IF(LEFT(_xlpm.raw,1)="[", MID(_xlpm.raw, FIND("] ",_xlpm.raw)+2, 999), _xlpm.raw), IFERROR(TRIM(LEFT(_xlpm.s, FIND(" (",_xlpm.s)-1)), _xlpm.raw)) -> Rueben Bain Jr. | K10: =IF(OR(D10="", C10=""), 0, IF(OR(EXACT(TRIM(D10),TRIM(C10)), ISNUMBER(SEARCH(D10, C10)), ISNUMBER(SEARCH(C10, D10))), 1, 0)) -> 0 | L10: =IF(OR(E10="", C10=""), 0, IF(OR(EXACT(TRIM(E10),TRIM(C10)), ISNUMBER(SEARCH(E10, C10)), ISNUMBER(SEARCH(C10, E10))), 1, 0)) -> 0 | M10: =IF(OR(F10="", C10=""), 0, IF(OR(EXACT(TRIM(F10),TRIM(C10)), ISNUMBER(SEARCH(F10, C10)), ISNUMBER(SEARCH(C10, F10))), 1, 0)) -> 0 | N10: =IF(OR(G10="", C10=""), 0, IF(OR(EXACT(TRIM(G10),TRIM(C10)), ISNUMBER(SEARCH(G10, C10)), ISNUMBER(SEARCH(C10, G10))), 1, 0)) -> 0 | O10: =IF(OR(H10="", C10=""), 0, IF(OR(EXACT(TRIM(H10),TRIM(C10)), ISNUMBER(SEARCH(H10, C10)), ISNUMBER(SEARCH(C10, H10))), 1, 0)) -> 0 | P10: =IF(OR(I10="", C10=""), 0, IF(OR(EXACT(TRIM(I10),TRIM(C10)), ISNUMBER(SEARCH(I10, C10)), ISNUMBER(SEARCH(C10, I10))), 1, 0)) -> 0 | Q10: {=IF(D10="", 0, IF(SUMPRODUCT(--(ISNUMBER(SEARCH(D10, $C$2:$C$33)) + ISNUMBER(SEARCH($C$2:$C$33, D10))))>0, 1, 0))} -> 1 | R10: {=IF(E10="", 0, IF(SUMPRODUCT(--(ISNUMBER(SEARCH(E10, $C$2:$C$33)) + ISNUMBER(SEARCH($C$2:$C$33, E10))))>0, 1, 0))} -> 1 | S10: {=IF(F10="", 0, IF(SUMPRODUCT(--(ISNUMBER(SEARCH(F10, $C$2:$C$33)) + ISNUMBER(SEARCH($C$2:$C$33, F10))))>0, 1, 0))} -> 1 | T10: {=IF(G10="", 0, IF(SUMPRODUCT(--(ISNUMBER(SEARCH(G10, $C$2:$C$33)) + ISNUMBER(SEARCH($C$2:$C$33, G10))))>0, 1, 0))} -> 1 | U10: {=IF(H10="", 0, IF(SUMPRODUCT(--(ISNUMBER(SEARCH(H10, $C$2:$C$33)) + ISNUMBER(SEARCH($C$2:$C$33, H10))))>0, 1, 0))} -> 1 | V10: {=IF(I10="", 0, IF(SUMPRODUCT(--(ISNUMBER(SEARCH(I10, $C$2:$C$33)) + ISNUMBER(SEARCH($C$2:$C$33, I10))))>0, 1, 0))} -> 1 | W10: {=IF(D10="",0,IF(SUMPRODUCT((ISNUMBER(SEARCH(D10,$C$2:$C$33))+ISNUMBER(SEARCH($C$2:$C$33,D10)))*($B$2:$B$33=$B10))>0,1,0))} -> 0 | X10: {=IF(E10="",0,IF(SUMPRODUCT((ISNUMBER(SEARCH(E10,$C$2:$C$33))+ISNUMBER(SEARCH($C$2:$C$33,E10)))*($B$2:$B$33=$B10))>0,1,0))} -> 0 | Y10: {=IF(F10="",0,IF(SUMPRODUCT((ISNUMBER(SEARCH(F10,$C$2:$C$33))+ISNUMBER(SEARCH($C$2:$C$33,F10)))*($B$2:$B$33=$B10))>0,1,0))} -> 0 | Z10: {=IF(G10="",0,IF(SUMPRODUCT((ISNUMBER(SEARCH(G10,$C$2:$C$33))+ISNUMBER(SEARCH($C$2:$C$33,G10)))*($B$2:$B$33=$B10))>0,1,0))} -> 0 | AA10: {=IF(H10="",0,IF(SUMPRODUCT((ISNUMBER(SEARCH(H10,$C$2:$C$33))+ISNUMBER(SEARCH($C$2:$C$33,H10)))*($B$2:$B$33=$B10))>0,1,0))} -> 0 | AB10: {=IF(I10="",0,IF(SUMPRODUCT((ISNUMBER(SEARCH(I10,$C$2:$C$33))+ISNUMBER(SEARCH($C$2:$C$33,I10)))*($B$2:$B$33=$B10))>0,1,0))} -> 0 | AC10: Mansoor Delane | AD10: Jordyn Tyson | AE10: Caleb Downs | AF10: =IF(AC10="",0,IF((ISNUMBER(SEARCH(AC10,C10))+ISNUMBER(SEARCH(C10,AC10)))>0,1,0)) -> 0 | AG10: {=IF(AC10="",0,IF(SUMPRODUCT((ISNUMBER(SEARCH(AC10,$C$2:$C$33))+ISNUMBER(SEARCH($C$2:$C$33,AC10))))>0,1,0))} -> 1 | AH10: {=IF(AC10="",0,IF(SUMPRODUCT((ISNUMBER(SEARCH(AC10,$C$2:$C$33))+ISNUMBER(SEARCH($C$2:$C$33,AC10)))*($B$2:$B$33=$B10))>0,1,0))} -> 0 | AI10: =IF(AD10="",0,IF((ISNUMBER(SEARCH(AD10,C10))+ISNUMBER(SEARCH(C10,AD10)))>0,1,0)) -> 0 | AJ10: {=IF(AD10="",0,IF(SUMPRODUCT((ISNUMBER(SEARCH(AD10,$C$2:$C$33))+ISNUMBER(SEARCH($C$2:$C$33,AD10))))>0,1,0))} -> 1 | AK10: {=IF(AD10="",0,IF(SUMPRODUCT((ISNUMBER(SEARCH(AD10,$C$2:$C$33))+ISNUMBER(SEARCH($C$2:$C$33,AD10)))*($B$2:$B$33=$B10))>0,1,0))} -> 0 | AL10: =IF(AE10="",0,IF((ISNUMBER(SEARCH(AE10,C10))+ISNUMBER(SEARCH(C10,AE10)))>0,1,0)) -> 0 | AM10: {=IF(AE10="",0,IF(SUMPRODUCT((ISNUMBER(SEARCH(AE10,$C$2:$C$33))+ISNUMBER(SEARCH($C$2:$C$33,AE10))))>0,1,0))} -> 1 | AN10: {=IF(AE10="",0,IF(SUMPRODUCT((ISNUMBER(SEARCH(AE10,$C$2:$C$33))+ISNUMBER(SEARCH($C$2:$C$33,AE10)))*($B$2:$B$33=$B10))>0,1,0))} -> 0 | AO10: {=_xlfn.LET(_xlpm.raw,'Other analyst '!K10,_xlpm.mockNames,'Colin''s Mock'!$D$2:$D$258,_xlpm.analystNames,_xlfn.TOCOL($E$2:$I$33),_xlpm.newNames,_xlfn.TOCOL('Other analyst '!$K$2:$R$33),_xlpm.allNames,_xlfn.VSTACK(_xlpm.mockNames,_xlpm.analystNames,_xlpm.newNames),_xlpm.matches,_xlfn._xlws.FILTER(_xlpm.allNames,ISNUMBER(SEARCH(_xlpm.allNames,_xlpm.raw))*(LEN(_xlpm.allNames)>3),""),IF(ISERROR(INDEX(_xlpm.matches,1)),_xlpm.raw,INDEX(_xlpm.matches,1)))} -> Mansoor Delane | AP10: =IF(OR(AO10="",AO10=0),0,IF(OR(ISNUMBER(SEARCH(AO10,$C10)),ISNUMBER(SEARCH($C10,AO10))),1,0)) -> 0 | AQ10: {=IF(OR(AO10="",AO10=0),0,IF(SUMPRODUCT(--(ISNUMBER(SEARCH(AO10,$C$2:$C$33))+ISNUMBER(SEARCH($C$2:$C$33,AO10))))>0,1,0))} -> 1 | AR10: {=IF(OR(AO10="",AO10=0),0,IF(SUMPRODUCT((ISNUMBER(SEARCH(AO10,$C$2:$C$33))+ISNUMBER(SEARCH($C$2:$C$33,AO10)))*($B$2:$B$33=$B10))>0,1,0))} -> 0 | AS10: {=_xlfn.LET(_xlpm.raw,'Other analyst '!L10,_xlpm.mockNames,'Colin''s Mock'!$D$2:$D$258,_xlpm.analystNames,_xlfn.TOCOL($E$2:$I$33),_xlpm.newNames,_xlfn.TOCOL('Other analyst '!$K$2:$R$33),_xlpm.allNames,_xlfn.VSTACK(_xlpm.mockNames,_xlpm.analystNames,_xlpm.newNames),_xlpm.matches,_xlfn._xlws.FILTER(_xlpm.allNames,ISNUMBER(SEARCH(_xlpm.allNames,_xlpm.raw))*(LEN(_xlpm.allNames)>3),""),IF(ISERROR(INDEX(_xlpm.matches,1)),_xlpm.raw,INDEX(_xlpm.matches,1)))} -> Francis Mauigoa | AT10: =IF(OR(AS10="",AS10=0),0,IF(OR(ISNUMBER(SEARCH(AS10,$C10)),ISNUMBER(SEARCH($C10,AS10))),1,0)) -> 0 | AU10: {=IF(OR(AS10="",AS10=0),0,IF(SUMPRODUCT(--(ISNUMBER(SEARCH(AS10,$C$2:$C$33))+ISNUMBER(SEARCH($C$2:$C$33,AS10))))>0,1,0))} -> 1 | AV10: {=IF(OR(AS10="",AS10=0),0,IF(SUMPRODUCT((ISNUMBER(SEARCH(AS10,$C$2:$C$33))+ISNUMBER(SEARCH($C$2:$C$33,AS10)))*($B$2:$B$33=$B10))>0,1,0))} -> 0 | AW10: {=_xlfn.LET(_xlpm.raw,'Other analyst '!M10,_xlpm.mockNames,'Colin''s Mock'!$D$2:$D$258,_xlpm.analystNames,_xlfn.TOCOL($E$2:$I$33),_xlpm.newNames,_xlfn.TOCOL('Other analyst '!$K$2:$R$33),_xlpm.allNames,_xlfn.VSTACK(_xlpm.mockNames,_xlpm.analystNames,_xlpm.newNames),_xlpm.matches,_xlfn._xlws.FILTER(_xlpm.allNames,ISNUMBER(SEARCH(_xlpm.allNames,_xlpm.raw))*(LEN(_xlpm.allNames)>3),""),IF(ISERROR(INDEX(_xlpm.matches,1)),_xlpm.raw,INDEX(_xlpm.matches,1)))} -> Mansoor Delane | AX10: =IF(OR(AW10="",AW10=0),0,IF(OR(ISNUMBER(SEARCH(AW10,$C10)),ISNUMBER(SEARCH($C10,AW10))),1,0)) -> 0 | AY10: {=IF(OR(AW10="",AW10=0),0,IF(SUMPRODUCT(--(ISNUMBER(SEARCH(AW10,$C$2:$C$33))+ISNUMBER(SEARCH($C$2:$C$33,AW10))))>0,1,0))} -> 1 | AZ10: {=IF(OR(AW10="",AW10=0),0,IF(SUMPRODUCT((ISNUMBER(SEARCH(AW10,$C$2:$C$33))+ISNUMBER(SEARCH($C$2:$C$33,AW10)))*($B$2:$B$33=$B10))>0,1,0))} -> 0 | BA10: {=_xlfn.LET(_xlpm.raw,'Other analyst '!N10,_xlpm.mockNames,'Colin''s Mock'!$D$2:$D$258,_xlpm.analystNames,_xlfn.TOCOL($E$2:$I$33),_xlpm.newNames,_xlfn.TOCOL('Other analyst '!$K$2:$R$33),_xlpm.allNames,_xlfn.VSTACK(_xlpm.mockNames,_xlpm.analystNames,_xlpm.newNames),_xlpm.matches,_xlfn._xlws.FILTER(_xlpm.allNames,ISNUMBER(SEARCH(_xlpm.allNames,_xlpm.raw))*(LEN(_xlpm.allNames)>3),""),IF(ISERROR(INDEX(_xlpm.matches,1)),_xlpm.raw,INDEX(_xlpm.matches,1)))} -> Mansoor Delane | BB10: =IF(OR(BA10="",BA10=0),0,IF(OR(ISNUMBER(SEARCH(BA10,$C10)),ISNUMBER(SEARCH($C10,BA10))),1,0)) -> 0 | BC10: {=IF(OR(BA10="",BA10=0),0,IF(SUMPRODUCT(--(ISNUMBER(SEARCH(BA10,$C$2:$C$33))+ISNUMBER(SEARCH($C$2:$C$33,BA10))))>0,1,0))} -> 1 | BD10: {=IF(OR(BA10="",BA10=0),0,IF(SUMPRODUCT((ISNUMBER(SEARCH(BA10,$C$2:$C$33))+ISNUMBER(SEARCH($C$2:$C$33,BA10)))*($B$2:$B$33=$B10))>0,1,0))} -> 0 | BE10: {=_xlfn.LET(_xlpm.raw,'Other analyst '!O10,_xlpm.mockNames,'Colin''s Mock'!$D$2:$D$258,_xlpm.analystNames,_xlfn.TOCOL($E$2:$I$33),_xlpm.newNames,_xlfn.TOCOL('Other analyst '!$K$2:$R$33),_xlpm.allNames,_xlfn.VSTACK(_xlpm.mockNames,_xlpm.analystNames,_xlpm.newNames),_xlpm.matches,_xlfn._xlws.FILTER(_xlpm.allNames,ISNUMBER(SEARCH(_xlpm.allNames,_xlpm.raw))*(LEN(_xlpm.allNames)>3),""),IF(ISERROR(INDEX(_xlpm.matches,1)),_xlpm.raw,INDEX(_xlpm.matches,1)))} -> Kenyon Sadiq | BF10: =IF(OR(BE10="",BE10=0),0,IF(OR(ISNUMBER(SEARCH(BE10,$C10)),ISNUMBER(SEARCH($C10,BE10))),1,0)) -> 0 | BG10: {=IF(OR(BE10="",BE10=0),0,IF(SUMPRODUCT(--(ISNUMBER(SEARCH(BE10,$C$2:$C$33))+ISNUMBER(SEARCH($C$2:$C$33,BE10))))>0,1,0))} -> 1 | BH10: {=IF(OR(BE10="",BE10=0),0,IF(SUMPRODUCT((ISNUMBER(SEARCH(BE10,$C$2:$C$33))+ISNUMBER(SEARCH($C$2:$C$33,BE10)))*($B$2:$B$33=$B10))>0,1,0))} -> 0 | BI10: {=_xlfn.LET(_xlpm.raw,'Other analyst '!P10,_xlpm.mockNames,'Colin''s Mock'!$D$2:$D$258,_xlpm.analystNames,_xlfn.TOCOL($E$2:$I$33),_xlpm.newNames,_xlfn.TOCOL('Other analyst '!$K$2:$R$33),_xlpm.allNames,_xlfn.VSTACK(_xlpm.mockNames,_xlpm.analystNames,_xlpm.newNames),_xlpm.matches,_xlfn._xlws.FILTER(_xlpm.allNames,ISNUMBER(SEARCH(_xlpm.allNames,_xlpm.raw))*(LEN(_xlpm.allNames)>3),""),IF(ISERROR(INDEX(_xlpm.matches,1)),_xlpm.raw,INDEX(_xlpm.matches,1)))} -> Francis Mauigoa | BJ10: =IF(OR(BI10="",BI10=0),0,IF(OR(ISNUMBER(SEARCH(BI10,$C10)),ISNUMBER(SEARCH($C10,BI10))),1,0)) -> 0 | BK10: {=IF(OR(BI10="",BI10=0),0,IF(SUMPRODUCT(--(ISNUMBER(SEARCH(BI10,$C$2:$C$33))+ISNUMBER(SEARCH($C$2:$C$33,BI10))))>0,1,0))} -> 1 | BL10: {=IF(OR(BI10="",BI10=0),0,IF(SUMPRODUCT((ISNUMBER(SEARCH(BI10,$C$2:$C$33))+ISNUMBER(SEARCH($C$2:$C$33,BI10)))*($B$2:$B$33=$B10))>0,1,0))} -> 0 | BM10: {=_xlfn.LET(_xlpm.raw,'Other analyst '!Q10,_xlpm.mockNames,'Colin''s Mock'!$D$2:$D$258,_xlpm.analystNames,_xlfn.TOCOL($E$2:$I$33),_xlpm.newNames,_xlfn.TOCOL('Other analyst '!$K$2:$R$33),_xlpm.allNames,_xlfn.VSTACK(_xlpm.mockNames,_xlpm.analystNames,_xlpm.newNames),_xlpm.matches,_xlfn._xlws.FILTER(_xlpm.allNames,ISNUMBER(SEARCH(_xlpm.allNames,_xlpm.raw))*(LEN(_xlpm.allNames)>3),""),IF(ISERROR(INDEX(_xlpm.matches,1)),_xlpm.raw,INDEX(_xlpm.matches,1)))} -> Rueben Bain | BN10: =IF(OR(BM10="",BM10=0),0,IF(OR(ISNUMBER(SEARCH(BM10,$C10)),ISNUMBER(SEARCH($C10,BM10))),1,0)) -> 0 | BO10: {=IF(OR(BM10="",BM10=0),0,IF(SUMPRODUCT(--(ISNUMBER(SEARCH(BM10,$C$2:$C$33))+ISNUMBER(SEARCH($C$2:$C$33,BM10))))>0,1,0))} -> 1 | BP10: {=IF(OR(BM10="",BM10=0),0,IF(SUMPRODUCT((ISNUMBER(SEARCH(BM10,$C$2:$C$33))+ISNUMBER(SEARCH($C$2:$C$33,BM10)))*($B$2:$B$33=$B10))>0,1,0))} -> 0 | BQ10: {=_xlfn.LET(_xlpm.raw,'Other analyst '!R10,_xlpm.mockNames,'Colin''s Mock'!$D$2:$D$258,_xlpm.analystNames,_xlfn.TOCOL($E$2:$I$33),_xlpm.newNames,_xlfn.TOCOL('Other analyst '!$K$2:$R$33),_xlpm.allNames,_xlfn.VSTACK(_xlpm.mockNames,_xlpm.analystNames,_xlpm.newNames),_xlpm.matches,_xlfn._xlws.FILTER(_xlpm.allNames,ISNUMBER(SEARCH(_xlpm.allNames,_xlpm.raw))*(LEN(_xlpm.allNames)>3),""),IF(ISERROR(INDEX(_xlpm.matches,1)),_xlpm.raw,INDEX(_xlpm.matches,1)))} -> Jordyn Tyson | BR10: =IF(OR(BQ10="",BQ10=0),0,IF(OR(ISNUMBER(SEARCH(BQ10,$C10)),ISNUMBER(SEARCH($C10,BQ10))),1,0)) -> 0 | BS10: {=IF(OR(BQ10="",BQ10=0),0,IF(SUMPRODUCT(--(ISNUMBER(SEARCH(BQ10,$C$2:$C$33))+ISNUMBER(SEARCH($C$2:$C$33,BQ10))))>0,1,0))} -> 1 | BT10: {=IF(OR(BQ10="",BQ10=0),0,IF(SUMPRODUCT((ISNUMBER(SEARCH(BQ10,$C$2:$C$33))+ISNUMBER(SEARCH($C$2:$C$33,BQ10)))*($B$2:$B$33=$B10))>0,1,0))} -> 0 | BU10: ='Colin Mock wTrade'!D10 -> Mansoor Delane | BV10: =IF(BU10="",0,IF(OR(ISNUMBER(SEARCH(BU10,C10)),ISNUMBER(SEARCH(C10,BU10))),1,0)) -> 0 | BW10: {=IF(BU10="",0,IF(SUMPRODUCT(--(ISNUMBER(SEARCH(BU10,$C$2:$C$33))+ISNUMBER(SEARCH($C$2:$C$33,BU10))))>0,1,0))} -> 1 | BX10: {=IF(BU10="",0,IFERROR(IF(SUMPRODUCT((ISNUMBER(SEARCH(BU10,$C$2:$C$33))+ISNUMBER(SEARCH($C$2:$C$33,BU10)))*($B$2:$B$33=VLOOKUP('Colin Mock wTrade'!C10,$CA$1:$CB$32,2,FALSE)))>0,1,0),0))} -> 0 | CA10: MIA | CB10: Dolphins | CC10: ='Other analyst '!S10 -> Rueben Bain Jr. | CD10: =IF(CC10="",0,IF(OR(ISNUMBER(SEARCH(CC10,C10)),ISNUMBER(SEARCH(C10,CC10))),1,0)) -> 0 | CE10: {=IF(CC10="",0,IF(SUMPRODUCT(--(ISNUMBER(SEARCH(CC10,$C$2:$C$33))+ISNUMBER(SEARCH($C$2:$C$33,CC10))))>0,1,0))} -> 1 | CF10: {=IF(CC10="",0,IF(SUMPRODUCT((ISNUMBER(SEARCH(CC10,$C$2:$C$33))+ISNUMBER(SEARCH($C$2:$C$33,CC10)))*($B$2:$B$33=$B10))>0,1,0))} -> 0 | CG10: ='Other analyst '!T10 -> Rueben Bain Jr. | CH10: =IF(CG10="",0,IF(OR(ISNUMBER(SEARCH(CG10,C10)),ISNUMBER(SEARCH(C10,CG10))),1,0)) -> 0 | CI10: {=IF(CG10="",0,IF(SUMPRODUCT(--(ISNUMBER(SEARCH(CG10,$C$2:$C$33))+ISNUMBER(SEARCH($C$2:$C$33,CG10))))>0,1,0))} -> 1 | CJ10: {=IF(CG10="",0,IF(SUMPRODUCT((ISNUMBER(SEARCH(CG10,$C$2:$C$33))+ISNUMBER(SEARCH($C$2:$C$33,CG10)))*($B$2:$B$33=$B10))>0,1,0))} -> 0 | CK10: ='Other analyst '!U10 -> Caleb Downs | CL10: =IF(CK10="",0,IF(OR(ISNUMBER(SEARCH(CK10,C10)),ISNUMBER(SEARCH(C10,CK10))),1,0)) -> 0 | CM10: {=IF(CK10="",0,IF(SUMPRODUCT(--(ISNUMBER(SEARCH(CK10,$C$2:$C$33))+ISNUMBER(SEARCH($C$2:$C$33,CK10))))>0,1,0))} -> 1 | CN10: {=IF(CK10="",0,IF(SUMPRODUCT((ISNUMBER(SEARCH(CK10,$C$2:$C$33))+ISNUMBER(SEARCH($C$2:$C$33,CK10)))*($B$2:$B$33=$B10))>0,1,0))} -> 0 | CO10: ='Other analyst '!V10 -> Leonard Moore | CP10: =IF(CO10="",0,IF(OR(ISNUMBER(SEARCH(CO10,C10)),ISNUMBER(SEARCH(C10,CO10))),1,0)) -> 0 | CQ10: {=IF(CO10="",0,IF(SUMPRODUCT(--(ISNUMBER(SEARCH(CO10,$C$2:$C$33))+ISNUMBER(SEARCH($C$2:$C$33,CO10))))>0,1,0))} -> 0 | CR10: {=IF(CO10="",0,IF(SUMPRODUCT((ISNUMBER(SEARCH(CO10,$C$2:$C$33))+ISNUMBER(SEARCH($C$2:$C$33,CO10)))*($B$2:$B$33=$B10))>0,1,0))} -> 0 | CS10: ='Other analyst '!W10 -> Mansoor Delane | CT10: =IF(CS10="",0,IF(OR(ISNUMBER(SEARCH(CS10,C10)),ISNUMBER(SEARCH(C10,CS10))),1,0)) -> 0 | CU10: {=IF(CS10="",0,IF(SUMPRODUCT(--(ISNUMBER(SEARCH(CS10,$C$2:$C$33))+ISNUMBER(SEARCH($C$2:$C$33,CS10))))>0,1,0))} -> 1 | CV10: {=IF(CS10="",0,IFERROR(IF(SUMPRODUCT((ISNUMBER(SEARCH(CS10,$C$2:$C$33))+ISNUMBER(SEARCH($C$2:$C$33,CS10)))*(ISNUMBER(SEARCH($B$2:$B$33,'Other analyst '!B10))+ISNUMBER(SEARCH('Other analyst '!B10,$B$2:$B$33))))>0,1,0),0))} -> 1 | CW10: ='Other analyst '!AD10 -> Spencer Fano | CX10: =IF(CW10="",0,IF(OR(ISNUMBER(SEARCH(CW10,C10)),ISNUMBER(SEARCH(C10,CW10))),1,0)) -> 1 | CY10: {=IF(CW10="",0,IF(SUMPRODUCT(--(ISNUMBER(SEARCH(CW10,$C$2:$C$33))+ISNUMBER(SEARCH($C$2:$C$33,CW10))))>0,1,0))} -> 1 | CZ10: {=IF(CW10="",0,IF(SUMPRODUCT((ISNUMBER(SEARCH(CW10,$C$2:$C$33))+ISNUMBER(SEARCH($C$2:$C$33,CW10)))*($B$2:$B$33=$B10))>0,1,0))} -> 1 | DA10: ='Other analyst '!AE10 -> Rueben Bain Jr. | DB10: =IF(DA10="",0,IF(OR(ISNUMBER(SEARCH(DA10,C10)),ISNUMBER(SEARCH(C10,DA10))),1,0)) -> 0 | DC10: {=IF(DA10="",0,IF(SUMPRODUCT(--(ISNUMBER(SEARCH(DA10,$C$2:$C$33))+ISNUMBER(SEARCH($C$2:$C$33,DA10))))>0,1,0))} -> 1 | DD10: {=IF(DA10="",0,IF(SUMPRODUCT((ISNUMBER(SEARCH(DA10,$C$2:$C$33))+ISNUMBER(SEARCH($C$2:$C$33,DA10)))*($B$2:$B$33=$B10))>0,1,0))} -> 0 | DE10: ='Other analyst '!AF10 -> Spencer Fano | DF10: =IF(DE10="",0,IF(OR(ISNUMBER(SEARCH(DE10,C10)),ISNUMBER(SEARCH(C10,DE10))),1,0)) -> 1 | DG10: {=IF(DE10="",0,IF(SUMPRODUCT(--(ISNUMBER(SEARCH(DE10,$C$2:$C$33))+ISNUMBER(SEARCH($C$2:$C$33,DE10))))>0,1,0))} -> 1 | DH10: {=IF(DE10="",0,IF(SUMPRODUCT((ISNUMBER(SEARCH(DE10,$C$2:$C$33))+ISNUMBER(SEARCH($C$2:$C$33,DE10)))*($B$2:$B$33=$B10))>0,1,0))} -> 1 | DI10: ='Other analyst '!AG10 -> Rueben Bain Jr. | DJ10: =IF(DI10="",0,IF(OR(ISNUMBER(SEARCH(DI10,C10)),ISNUMBER(SEARCH(C10,DI10))),1,0)) -> 0 | DK10: {=IF(DI10="",0,IF(SUMPRODUCT(--(ISNUMBER(SEARCH(DI10,$C$2:$C$33))+ISNUMBER(SEARCH($C$2:$C$33,DI10))))>0,1,0))} -> 1 | DL10: {=IF(DI10="",0,IF(SUMPRODUCT((ISNUMBER(SEARCH(DI10,$C$2:$C$33))+ISNUMBER(SEARCH($C$2:$C$33,DI10)))*($B$2:$B$33=$B10))>0,1,0))} -> 0 | DM10: ='Other analyst '!AB10 -> Rueben Bain Jr. | DN10: =IF(DM10="",0,IF(OR(ISNUMBER(SEARCH(DM10,C10)),ISNUMBER(SEARCH(C10,DM10))),1,0)) -> 0 | DO10: {=IF(DM10="",0,IF(SUMPRODUCT(--(ISNUMBER(SEARCH(DM10,$C$2:$C$33))+ISNUMBER(SEARCH($C$2:$C$33,DM10))))>0,1,0))} -> 1 | DP10: {=IF(DM10="",0,IFERROR(IF(SUMPRODUCT((ISNUMBER(SEARCH(DM10,$C$2:$C$33))+ISNUMBER(SEARCH($C$2:$C$33,DM10)))*(ISNUMBER(SEARCH($B$2:$B$33,'Other analyst '!B10))+ISNUMBER(SEARCH('Other analyst '!B10,$B$2:$B$33))))>0,1,0),0))} -> 0 | DQ10: ='Other analyst '!AC10 -> Mansoor Delane | DR10: =IF(DQ10="",0,IF(OR(ISNUMBER(SEARCH(DQ10,C10)),ISNUMBER(SEARCH(C10,DQ10))),1,0)) -> 0 | DS10: {=IF(DQ10="",0,IF(SUMPRODUCT(--(ISNUMBER(SEARCH(DQ10,$C$2:$C$33))+ISNUMBER(SEARCH($C$2:$C$33,DQ10))))>0,1,0))} -> 1 | DT10: {=IF(DQ10="",0,IFERROR(IF(SUMPRODUCT((ISNUMBER(SEARCH(DQ10,$C$2:$C$33))+ISNUMBER(SEARCH($C$2:$C$33,DQ10)))*(ISNUMBER(SEARCH($B$2:$B$33,'Other analyst '!B10))+ISNUMBER(SEARCH('Other analyst '!B10,$B$2:$B$33))))>0,1,0),0))} -> 1 | DU10: =IFERROR(TRIM(LEFT(IF(ISNUMBER(SEARCH("]",'Other analyst '!X10)),MID('Other analyst '!X10,SEARCH("]",'Other analyst '!X10)+1,200),'Other analyst '!X10),IFERROR(SEARCH(" (",IF(ISNUMBER(SEARCH("]",'Other analyst '!X10)),MID('Other analyst '!X10,SEARCH("]",'Other analyst '!X10)+1,200),'Other analyst '!X10))-1,LEN('Other analyst '!X10)))),"") -> Rueben Bain Jr. | DV10: =IF(DU10="",0,IF(OR(ISNUMBER(SEARCH(DU10,C10)),ISNUMBER(SEARCH(C10,DU10))),1,0)) -> 0 | DW10: {=IF(DU10="",0,IF(SUMPRODUCT((ISNUMBER(SEARCH(DU10,$C$2:$C$33))+ISNUMBER(SEARCH($C$2:$C$33,DU10))))>0,1,0))} -> 1 | DX10: 0 | DY10: =IFERROR(TRIM(LEFT(IF(ISNUMBER(SEARCH("]",'Other analyst '!Y10)),MID('Other analyst '!Y10,SEARCH("]",'Other analyst '!Y10)+1,200),'Other analyst '!Y10),IFERROR(SEARCH(" (",IF(ISNUMBER(SEARCH("]",'Other analyst '!Y10)),MID('Other analyst '!Y10,SEARCH("]",'Other analyst '!Y10)+1,200),'Other analyst '!Y10))-1,LEN('Other analyst '!Y10)))),"") -> Rueben Bain Jr. | DZ10: =IF(DY10="",0,IF(OR(ISNUMBER(SEARCH(DY10,C10)),ISNUMBER(SEARCH(C10,DY10))),1,0)) -> 0 | EA10: {=IF(DY10="",0,IF(SUMPRODUCT((ISNUMBER(SEARCH(DY10,$C$2:$C$33))+ISNUMBER(SEARCH($C$2:$C$33,DY10))))>0,1,0))} -> 1 | EB10: 0 | EC10: =IFERROR(TRIM(LEFT(IF(ISNUMBER(SEARCH("]",'Other analyst '!Z10)),MID('Other analyst '!Z10,SEARCH("]",'Other analyst '!Z10)+1,200),'Other analyst '!Z10),IFERROR(SEARCH(" (",IF(ISNUMBER(SEARCH("]",'Other analyst '!Z10)),MID('Other analyst '!Z10,SEARCH("]",'Other analyst '!Z10)+1,200),'Other analyst '!Z10))-1,LEN('Other analyst '!Z10)))),"") -> Kadyn Proctor | ED10: =IF(EC10="",0,IF(OR(ISNUMBER(SEARCH(EC10,C10)),ISNUMBER(SEARCH(C10,EC10))),1,0)) -> 0 | EE10: {=IF(EC10="",0,IF(SUMPRODUCT((ISNUMBER(SEARCH(EC10,$C$2:$C$33))+ISNUMBER(SEARCH($C$2:$C$33,EC10))))>0,1,0))} -> 1 | EF10: 0 | EG10: =IFERROR(TRIM(LEFT(IF(ISNUMBER(SEARCH("]",'Other analyst '!AA10)),MID('Other analyst '!AA10,SEARCH("]",'Other analyst '!AA10)+1,200),'Other analyst '!AA10),IFERROR(SEARCH(" (",IF(ISNUMBER(SEARCH("]",'Other analyst '!AA10)),MID('Other analyst '!AA10,SEARCH("]",'Other analyst '!AA10)+1,200),'Other analyst '!AA10))-1,LEN('Other analyst '!AA10)))),"") -> Rueben Bain Jr. | EH10: =IF(EG10="",0,IF(OR(ISNUMBER(SEARCH(EG10,C10)),ISNUMBER(SEARCH(C10,EG10))),1,0)) -> 0 | EI10: {=IF(EG10="",0,IF(SUMPRODUCT((ISNUMBER(SEARCH(EG10,$C$2:$C$33))+ISNUMBER(SEARCH($C$2:$C$33,EG10))))>0,1,0))} -> 1 | EJ10: 0 | EK10: =K10+L10+M10+N10+O10+P10+AF10+AI10+AL10+AP10+AT10+AX10+BB10+BF10+BJ10+BN10+BR10+BV10+CD10+CH10+CL10+CP10+CT10+DV10+DZ10+ED10+EH10+DN10+DR10+CX10+DB10+DF10+DJ10 -> 2
